#![allow(dead_code)]

use crate::{
    character::{CharBody, CharHead, CharPart, Pose},
    render::Sprite,
};

const BODY_BACKSIDE_SITTING_FRAMES: &[&[u8]] = &[
    b"\x00\x28\x00\x00\x52\x00\x00\x04\x00\x00\x04\x00\x00\x02\x00\x00\x02\x00\x10\x01\x00\x10\x01\x00\x10\x00\x80\x10\x00\x80\x20\x00\x40\x20\x00\x20\x20\x00\x10\x40\x00\x08\x20\x00\x04\x40\x00\x04\x20\x00\x02\x22\x00\x02\x21\x00\x01\x11\x00\x01\x12\x00\x01\x62\x00\x01\x82\x00\x01\x82\x00\x02\x7d\xff\xfc",
];

const BODY_BACKSIDE_SITTING_FILL_FRAMES: &[&[u8]] = &[
    b"\x00\x28\x00\x00\xfe\x00\x01\xfc\x00\x03\xfc\x00\x07\xfe\x00\x0f\xfe\x00\x1f\xff\x00\x1f\xff\x00\x1f\xff\x80\x1f\xff\x80\x3f\xff\xc0\x3f\xff\xe0\x3f\xff\xf0\x7f\xff\xf8\x3f\xff\xfc\x7f\xff\xfc\x3f\xff\xfe\x3f\xff\xfe\x3f\xff\xff\x1f\xff\xff\x1f\xff\xff\x7f\xff\xff\xff\xff\xff\xff\xff\xfe\x7d\xff\xfc",
];

pub static BODY_BACKSIDE_SITTING: CharBody = CharBody {
    sprite: Sprite {
        width: 24,
        height: 25,
        frames: BODY_BACKSIDE_SITTING_FRAMES,
        fill_frames: Some(BODY_BACKSIDE_SITTING_FILL_FRAMES),
    },
    anchor_x: 12,
    anchor_y: 25,
    head_x: 10,
    head_y: 6,
    tail_x: 20,
    tail_y: 21,
    speed: 1.0,
    extra_frames: 0,
};

const BODY_BACK_SITTING_FRAMES: &[&[u8]] = &[
    b"\x04\x04\x00\x04\x04\x00\x08\x02\x00\x08\x02\x00\x08\x02\x00\x10\x01\x00\x10\x01\x00\x20\x00\x80\x20\x00\x80\x20\x00\x80\x20\x00\x80\x20\x00\x80\x20\x00\x80\x20\x00\x80\x40\x00\x40\x40\x00\x40\x40\x00\x40\x88\x02\x20\x77\xfd\xc0",
];

const BODY_BACK_SITTING_FILL_FRAMES: &[&[u8]] = &[
    b"\x07\xfc\x00\x07\xfc\x00\x0f\xfe\x00\x0f\xfe\x00\x0f\xfe\x00\x1f\xff\x00\x1f\xff\x00\x3f\xff\x80\x3f\xff\x80\x3f\xff\x80\x3f\xff\x80\x3f\xff\x80\x3f\xff\x80\x3f\xff\x80\x7f\xff\xc0\x7f\xff\xc0\x7f\xff\xc0\xff\xff\xe0\x77\xfd\xc0",
];

pub static BODY_BACK_SITTING: CharBody = CharBody {
    sprite: Sprite {
        width: 19,
        height: 19,
        frames: BODY_BACK_SITTING_FRAMES,
        fill_frames: Some(BODY_BACK_SITTING_FILL_FRAMES),
    },
    anchor_x: 9,
    anchor_y: 19,
    head_x: 9,
    head_y: 0,
    tail_x: 15,
    tail_y: 14,
    speed: 1.0,
    extra_frames: 0,
};

const BODY_FRONT_SITTING_FRAMES: &[&[u8]] = &[
    b"\x04\x10\x00\x08\x08\x00\x10\x04\x00\x10\x04\x00\x20\x02\x00\x20\x02\x00\x40\x01\x00\x40\x01\x00\x40\x01\x00\x40\x00\x00\x80\x00\x00\x80\x00\x00\x80\x00\x00\x80\x00\x80\x80\x00\x80\x60\x03\x00\x10\x84\x00\x0f\x78\x00",
];

const BODY_FRONT_SITTING_FILL_FRAMES: &[&[u8]] = &[
    b"\x07\xf0\x00\x0f\xf8\x00\x1f\xfc\x00\x1f\xfc\x00\x3f\xfe\x00\x3f\xfe\x00\x7f\xff\x00\x7f\xff\x00\x7f\xff\x00\x7f\xff\x00\xff\xff\x80\xff\xff\x80\xff\xff\x80\xff\xff\x80\xff\xff\x80\x7f\xff\x00\x1f\xfc\x00\x0f\x78\x00",
];

pub static BODY_FRONT_SITTING: CharBody = CharBody {
    sprite: Sprite {
        width: 17,
        height: 18,
        frames: BODY_FRONT_SITTING_FRAMES,
        fill_frames: Some(BODY_FRONT_SITTING_FILL_FRAMES),
    },
    anchor_x: 9,
    anchor_y: 18,
    head_x: 9,
    head_y: 0,
    tail_x: 16,
    tail_y: 11,
    speed: 1.0,
    extra_frames: 0,
};

const BODY_FRONT_SQUAT_FRAMES: &[&[u8]] = &[
    b"\x00\x00\x01\xf8\x00\x00\x00\x06\x07\xc0\x00\x00\x08\x00\x00\x00\x00\x10\x00\x00\x00\x00\x20\x00\x00\x00\x00\x40\x00\x00\x00\x00\x80\x00\x40\x00\x00\x00\x00\x40\x00\x00\x00\x00\x20\x00\x00\x00\x00\x10\x00\x00\x00\x00\x10\x00\x00\x00\x00\x08\x00\x00\x00\x00\x08\x04\x00\x00\x00\x08\x08\x00\x00\x00\x04\x10\x00\x00\x08\x04\x10\x00\x00\x94\x04\x20\x30\x07\x12\x04\x20\xc8\x1a\x11\x04\x41\x04\x22\x20\x84\x82\x04\x22\x20\x84\x84\x08\x44\x21\x08\x78\x07\x83\xc0\xf0",
];

const BODY_FRONT_SQUAT_FILL_FRAMES: &[&[u8]] = &[
    b"\x00\x00\x01\xf8\x00\x00\x00\x07\xff\xc0\x00\x00\x0f\xff\xc0\x00\x00\x1f\xff\xc0\x00\x00\x3f\xff\xc0\x00\x00\x7f\xff\xc0\x00\x00\xff\xff\xc0\x00\x01\xff\xff\xc0\x00\x07\xff\xff\xe0\x00\x0f\xff\xff\xf0\x00\x3f\xff\xff\xf0\x00\x7f\xff\xff\xf8\x01\xff\xff\xff\xf8\x07\xff\xff\xff\xf8\x0f\xff\xff\xff\xfc\x1f\xff\xff\xff\xfc\x1f\xff\xff\xf7\xfc\x3f\xff\xff\xf3\xfc\x3f\xcf\xfb\xf1\xfc\x7f\x07\xe3\xe0\xfc\xfe\x07\xe3\xe0\xfc\xfc\x0f\xc7\xe1\xf8\x78\x07\x83\xc0\xf0",
];

pub static BODY_FRONT_SQUAT: CharBody = CharBody {
    sprite: Sprite {
        width: 38,
        height: 23,
        frames: BODY_FRONT_SQUAT_FRAMES,
        fill_frames: Some(BODY_FRONT_SQUAT_FILL_FRAMES),
    },
    anchor_x: 18,
    anchor_y: 23,
    head_x: 8,
    head_y: 16,
    tail_x: 33,
    tail_y: 4,
    speed: 1.0,
    extra_frames: 0,
};

const BODY_SIDE_BEGGING_FRAMES: &[&[u8]] = &[
    b"\x00\x00\x10\x00\x00\x80\x08\x00\x00\x80\x04\x00\x3c\x80\x02\x00\x43\x80\x01\x00\x80\x80\x00\x80\x98\x80\x00\x80\x64\x40\x00\x40\x02\x40\x00\x40\x01\x40\x00\x20\x00\xc0\x00\x00\x00\x40\x00\x00\x00\x40\x00\x00\x00\x80\x00\x00\x00\x80\x00\x00\x00\x88\x00\x20\x03\x08\x00\x40\x04\x18\x00\x40\x03\xe7\xff\x80",
];

const BODY_SIDE_BEGGING_FILL_FRAMES: &[&[u8]] = &[
    b"\x00\x03\xf0\x00\x00\xff\xf8\x00\x00\xff\xfc\x00\x3c\xff\xfe\x00\x7f\xff\xff\x00\xff\xff\xff\x80\xff\xff\xff\x80\x67\xff\xff\xc0\x03\xff\xff\xc0\x01\xff\xff\xe0\x00\xff\xff\xe0\x00\x7f\xff\xe0\x00\x7f\xff\xe0\x00\xff\xff\xe0\x00\xff\xff\xe0\x00\xff\xff\xe0\x03\xff\xff\xc0\x07\xff\xff\xc0\x03\xe7\xff\x80",
];

pub static BODY_SIDE_BEGGING: CharBody = CharBody {
    sprite: Sprite {
        width: 27,
        height: 19,
        frames: BODY_SIDE_BEGGING_FRAMES,
        fill_frames: Some(BODY_SIDE_BEGGING_FILL_FRAMES),
    },
    anchor_x: 14,
    anchor_y: 19,
    head_x: 14,
    head_y: 1,
    tail_x: 27,
    tail_y: 12,
    speed: 1.0,
    extra_frames: 0,
};

const BODY_SIDE_FLOP_FRAMES: &[&[u8]] = &[
    b"\x00\x00\x00\x00\x00\x1f\xc0\x00\x01\xe0\x30\x00\x1e\x00\x08\x00\x20\x00\x06\x00\x00\x00\x01\x00\x00\x00\x00\x80\x04\x00\x00\x80\x04\x00\x00\x80\x02\x20\x10\x80\x02\x20\x09\x00\x01\xc0\x06\x00\x00\x00\x00\x00\x30\x00\x00\x00\x48\x00\x01\x00\x84\x00\x01\x00\x84\x00\x81\x00\x7b\xff\x7e\x00",
    b"\x00\x1f\x80\x00\x00\x60\x60\x00\x03\x80\x10\x00\x1c\x00\x08\x00\x20\x00\x06\x00\x00\x00\x01\x00\x04\x00\x00\x80\x04\x00\x00\x80\x02\x20\x00\x80\x02\x20\x10\x80\x01\xc0\x09\x00\x00\x00\x06\x00\x00\x00\x00\x00\x30\x00\x00\x00\x48\x00\x01\x00\x84\x00\x01\x00\x84\x00\x81\x00\x7b\xff\x7e\x00",
    b"\x00\x00\x00\x00\x00\x1f\xc0\x00\x01\xe0\x30\x00\x1e\x00\x08\x00\x20\x00\x06\x00\x00\x00\x01\x00\x04\x00\x00\x80\x04\x00\x00\x80\x02\x20\x00\x80\x02\x20\x10\x80\x01\xc0\x09\x00\x00\x00\x06\x00\x00\x00\x00\x00\x30\x00\x00\x00\x48\x00\x01\x00\x84\x00\x01\x00\x84\x00\x81\x00\x7b\xff\x7e\x00",
    b"\x00\x00\x00\x00\x00\x00\x00\x00\x00\xff\xf0\x00\x1f\x00\x08\x00\x20\x00\x06\x00\x00\x00\x01\x00\x00\x00\x00\x80\x04\x00\x00\x80\x04\x00\x00\x80\x02\x20\x10\x80\x02\x20\x09\x00\x01\xc0\x06\x00\x00\x00\x00\x00\x30\x00\x00\x00\x48\x00\x01\x00\x84\x00\x01\x00\x84\x00\x81\x00\x7b\xff\x7e\x00",
];

const BODY_SIDE_FLOP_FILL_FRAMES: &[&[u8]] = &[
    b"\x00\x00\x00\x00\x00\x1f\xc0\x00\x01\xff\xf0\x00\x1f\xff\xf8\x00\x3f\xff\xfe\x00\x3f\xff\xff\x00\x3f\xff\xff\x80\x3f\xff\xff\x80\x3f\xff\xff\x80\x3f\xff\xff\x80\x7f\xff\xff\x00\x7f\xff\xff\x00\x7f\xff\xff\x00\x7f\xff\xff\x00\x7f\xff\xff\x00\xff\xff\xff\x00\xff\xff\xff\x00\x7b\xff\x7e\x00",
    b"\x00\x1f\x80\x00\x00\x7f\xe0\x00\x03\xff\xf0\x00\x1f\xff\xf8\x00\x3f\xff\xfe\x00\x3f\xff\xff\x00\x3f\xff\xff\x80\x3f\xff\xff\x80\x3f\xff\xff\x80\x3f\xff\xff\x80\x7f\xff\xff\x00\x7f\xff\xff\x00\x7f\xff\xff\x00\x7f\xff\xff\x00\x7f\xff\xff\x00\xff\xff\xff\x00\xff\xff\xff\x00\x7b\xff\x7e\x00",
    b"\x00\x00\x00\x00\x00\x1f\xc0\x00\x01\xff\xf0\x00\x1f\xff\xf8\x00\x3f\xff\xfe\x00\x3f\xff\xff\x00\x3f\xff\xff\x80\x3f\xff\xff\x80\x3f\xff\xff\x80\x3f\xff\xff\x80\x7f\xff\xff\x00\x7f\xff\xff\x00\x7f\xff\xff\x00\x7f\xff\xff\x00\x7f\xff\xff\x00\xff\xff\xff\x00\xff\xff\xff\x00\x7b\xff\x7e\x00",
    b"\x00\x00\x00\x00\x00\x00\x00\x00\x00\xff\xf0\x00\x1f\xff\xf8\x00\x3f\xff\xfe\x00\x3f\xff\xff\x00\x3f\xff\xff\x80\x3f\xff\xff\x80\x3f\xff\xff\x80\x3f\xff\xff\x80\x7f\xff\xff\x00\x7f\xff\xff\x00\x7f\xff\xff\x00\x7f\xff\xff\x00\x7f\xff\xff\x00\xff\xff\xff\x00\xff\xff\xff\x00\x7b\xff\x7e\x00",
];

pub static BODY_SIDE_FLOP: CharBody = CharBody {
    sprite: Sprite {
        width: 25,
        height: 18,
        frames: BODY_SIDE_FLOP_FRAMES,
        fill_frames: Some(BODY_SIDE_FLOP_FILL_FRAMES),
    },
    anchor_x: 13,
    anchor_y: 18,
    head_x: 2,
    head_y: 11,
    tail_x: 24,
    tail_y: 13,
    speed: 1.0,
    extra_frames: 0,
};

const BODY_SIDE_KNEADING_FRAMES: &[&[u8]] = &[
    b"\x00\x00\x00\x01\xe0\x80\x00\x00\x00\x06\x00\x40\x00\x00\x00\x18\x00\x40\x00\x00\x00\x60\x00\x20\x00\x00\x01\x80\x00\x20\x00\x00\x06\x00\x00\x20\x00\x00\x08\x00\x00\x10\x00\x00\x00\x00\x00\x10\x00\x00\x00\x00\x00\x10\x00\x00\x00\x00\x00\x10\x00\x00\x00\x00\x00\x10\x00\x00\x00\x00\x00\x10\x00\x00\x00\x00\x00\x10\x00\x00\x00\x00\x00\x20\x00\x00\x00\x00\x00\x20\x00\x00\x00\x1c\x00\x20\x00\x00\x00\x6a\x00\x20\x77\xfe\x00\x85\x00\x40\x88\x00\x0f\x05\x00\x40\x88\x00\xf0\x0a\x00\x80\x77\xff\x00\x05\xff\x80",
    b"\x00\x00\x00\x01\xe0\x80\x00\x00\x00\x06\x00\x40\x00\x00\x00\x18\x00\x40\x00\x00\x00\x60\x00\x20\x00\x00\x01\x80\x00\x20\x00\x00\x06\x00\x00\x20\x00\x00\x08\x00\x00\x10\x00\x00\x00\x00\x00\x10\x00\x00\x00\x00\x00\x10\x00\x00\x00\x00\x00\x10\x00\x00\x00\x00\x00\x10\x00\x00\x00\x00\x00\x10\x00\x00\x00\x00\x00\x10\x00\x00\x00\x00\x00\x20\x00\x00\x00\x00\x00\x20\x00\x00\x00\x1c\x00\x20\x00\x00\x00\x6a\x00\x20\x37\xfe\x00\x85\x00\x40\x48\x00\x0f\x05\x00\x40\x88\x00\xf0\x0a\x00\x80\xf7\xff\x00\x05\xff\x80",
    b"\x00\x00\x00\x01\xe0\x80\x00\x00\x00\x06\x00\x40\x00\x00\x00\x18\x00\x40\x00\x00\x00\x60\x00\x20\x00\x00\x01\x80\x00\x20\x00\x00\x06\x00\x00\x20\x00\x00\x08\x00\x00\x10\x00\x00\x00\x00\x00\x10\x00\x00\x00\x00\x00\x10\x00\x00\x00\x00\x00\x10\x00\x00\x00\x00\x00\x10\x00\x00\x00\x00\x00\x10\x00\x00\x00\x00\x00\x10\x00\x00\x00\x00\x00\x20\x00\x00\x00\x00\x00\x20\x00\x00\x00\x1c\x00\x20\x00\x00\x00\x6a\x00\x20\x77\xfe\x00\x85\x00\x40\x88\x00\x0f\x05\x00\x40\x88\x00\xf0\x0a\x00\x80\x77\xff\x00\x05\xff\x80",
    b"\x00\x00\x00\x01\xe0\x80\x00\x00\x00\x06\x00\x40\x00\x00\x00\x18\x00\x40\x00\x00\x00\x60\x00\x20\x00\x00\x01\x80\x00\x20\x00\x00\x06\x00\x00\x20\x00\x00\x08\x00\x00\x10\x00\x00\x00\x00\x00\x10\x00\x00\x00\x00\x00\x10\x00\x00\x00\x00\x00\x10\x00\x00\x00\x00\x00\x10\x00\x00\x00\x00\x00\x10\x00\x00\x00\x00\x00\x10\x00\x00\x00\x00\x00\x20\x00\x00\x00\x00\x00\x20\x00\x00\x00\x1c\x00\x20\x00\x00\x00\x6a\x00\x20\x2f\xfe\x00\x85\x00\x40\x50\x00\x0f\x05\x00\x40\x50\x00\xf0\x0a\x00\x80\x2f\xff\x00\x05\xff\x80",
    b"\x00\x00\x00\x01\xe0\x80\x00\x00\x00\x06\x00\x40\x00\x00\x00\x18\x00\x40\x00\x00\x00\x60\x00\x20\x00\x00\x01\x80\x00\x20\x00\x00\x06\x00\x00\x20\x00\x00\x08\x00\x00\x10\x00\x00\x00\x00\x00\x10\x00\x00\x00\x00\x00\x10\x00\x00\x00\x00\x00\x10\x00\x00\x00\x00\x00\x10\x00\x00\x00\x00\x00\x10\x00\x00\x00\x00\x00\x10\x00\x00\x00\x00\x00\x20\x00\x00\x00\x00\x00\x20\x00\x00\x00\x1c\x00\x20\x00\x00\x00\x6a\x00\x20\x1f\xfe\x00\x85\x00\x40\x20\x00\x0f\x05\x00\x40\x20\x00\xf0\x0a\x00\x80\x1f\xff\x00\x05\xff\x80",
    b"\x00\x00\x00\x01\xe0\x80\x00\x00\x00\x06\x00\x40\x00\x00\x00\x18\x00\x40\x00\x00\x00\x60\x00\x20\x00\x00\x01\x80\x00\x20\x00\x00\x06\x00\x00\x20\x00\x00\x08\x00\x00\x10\x00\x00\x00\x00\x00\x10\x00\x00\x00\x00\x00\x10\x00\x00\x00\x00\x00\x10\x00\x00\x00\x00\x00\x10\x00\x00\x00\x00\x00\x10\x00\x00\x00\x00\x00\x10\x00\x00\x00\x00\x00\x20\x00\x00\x00\x00\x00\x20\x00\x00\x00\x1c\x00\x20\x00\x00\x00\x6a\x00\x20\x3f\xfe\x00\x85\x00\x40\x40\x00\x0f\x05\x00\x40\x40\x00\xf0\x0a\x00\x80\x3f\xff\x00\x05\xff\x80",
    b"\x00\x00\x00\x01\xe0\x80\x00\x00\x00\x06\x00\x40\x00\x00\x00\x18\x00\x40\x00\x00\x00\x60\x00\x20\x00\x00\x01\x80\x00\x20\x00\x00\x06\x00\x00\x20\x00\x00\x08\x00\x00\x10\x00\x00\x00\x00\x00\x10\x00\x00\x00\x00\x00\x10\x00\x00\x00\x00\x00\x10\x00\x00\x00\x00\x00\x10\x00\x00\x00\x00\x00\x10\x00\x00\x00\x00\x00\x10\x00\x00\x00\x00\x00\x20\x00\x00\x00\x00\x00\x20\x00\x00\x00\x1c\x00\x20\x00\x00\x00\x6a\x00\x20\x7f\xfe\x00\x85\x00\x40\x80\x00\x0f\x05\x00\x40\x80\x00\xf0\x0a\x00\x80\x7f\xff\x00\x05\xff\x80",
    b"\x00\x00\x00\x01\xe0\x80\x00\x00\x00\x06\x00\x40\x00\x00\x00\x18\x00\x40\x00\x00\x00\x60\x00\x20\x00\x00\x01\x80\x00\x20\x00\x00\x06\x00\x00\x20\x00\x00\x08\x00\x00\x10\x00\x00\x00\x00\x00\x10\x00\x00\x00\x00\x00\x10\x00\x00\x00\x00\x00\x10\x00\x00\x00\x00\x00\x10\x00\x00\x00\x00\x00\x10\x00\x00\x00\x00\x00\x10\x00\x00\x00\x00\x00\x20\x00\x00\x00\x00\x00\x20\x00\x00\x00\x1c\x00\x20\x00\x00\x00\x6a\x00\x20\x3f\xfe\x00\x85\x00\x40\x40\x00\x0f\x05\x00\x40\x80\x00\xf0\x0a\x00\x80\xff\xff\x00\x05\xff\x80",
    b"\x00\x00\x00\x01\xe0\x80\x00\x00\x00\x06\x00\x40\x00\x00\x00\x18\x00\x40\x00\x00\x00\x60\x00\x20\x00\x00\x01\x80\x00\x20\x00\x00\x06\x00\x00\x20\x00\x00\x08\x00\x00\x10\x00\x00\x00\x00\x00\x10\x00\x00\x00\x00\x00\x10\x00\x00\x00\x00\x00\x10\x00\x00\x00\x00\x00\x10\x00\x00\x00\x00\x00\x10\x00\x00\x00\x00\x00\x10\x00\x00\x00\x00\x00\x20\x00\x00\x00\x00\x00\x20\x00\x00\x00\x1c\x00\x20\x00\x00\x00\x6a\x00\x20\x7f\xfe\x00\x85\x00\x40\x80\x00\x0f\x05\x00\x40\x80\x00\xf0\x0a\x00\x80\x7f\xff\x00\x05\xff\x80",
    b"\x00\x00\x00\x01\xe0\x80\x00\x00\x00\x06\x00\x40\x00\x00\x00\x18\x00\x40\x00\x00\x00\x60\x00\x20\x00\x00\x01\x80\x00\x20\x00\x00\x06\x00\x00\x20\x00\x00\x08\x00\x00\x10\x00\x00\x00\x00\x00\x10\x00\x00\x00\x00\x00\x10\x00\x00\x00\x00\x00\x10\x00\x00\x00\x00\x00\x10\x00\x00\x00\x00\x00\x10\x00\x00\x00\x00\x00\x10\x00\x00\x00\x00\x00\x20\x00\x00\x00\x00\x00\x20\x00\x00\x00\x1c\x00\x20\x00\x00\x00\x6a\x00\x20\x3f\xfe\x00\x85\x00\x40\x40\x00\x0f\x05\x00\x40\x40\x00\xf0\x0a\x00\x80\x3f\xff\x00\x05\xff\x80",
    b"\x00\x00\x00\x01\xe0\x80\x00\x00\x00\x06\x00\x40\x00\x00\x00\x18\x00\x40\x00\x00\x00\x60\x00\x20\x00\x00\x01\x80\x00\x20\x00\x00\x06\x00\x00\x20\x00\x00\x08\x00\x00\x10\x00\x00\x00\x00\x00\x10\x00\x00\x00\x00\x00\x10\x00\x00\x00\x00\x00\x10\x00\x00\x00\x00\x00\x10\x00\x00\x00\x00\x00\x10\x00\x00\x00\x00\x00\x10\x00\x00\x00\x00\x00\x20\x00\x00\x00\x00\x00\x20\x00\x00\x00\x1c\x00\x20\x00\x00\x00\x6a\x00\x20\x1f\xfe\x00\x85\x00\x40\x20\x00\x0f\x05\x00\x40\x20\x00\xf0\x0a\x00\x80\x1f\xff\x00\x05\xff\x80",
    b"\x00\x00\x00\x01\xe0\x80\x00\x00\x00\x06\x00\x40\x00\x00\x00\x18\x00\x40\x00\x00\x00\x60\x00\x20\x00\x00\x01\x80\x00\x20\x00\x00\x06\x00\x00\x20\x00\x00\x08\x00\x00\x10\x00\x00\x00\x00\x00\x10\x00\x00\x00\x00\x00\x10\x00\x00\x00\x00\x00\x10\x00\x00\x00\x00\x00\x10\x00\x00\x00\x00\x00\x10\x00\x00\x00\x00\x00\x10\x00\x00\x00\x00\x00\x20\x00\x00\x00\x00\x00\x20\x00\x00\x00\x1c\x00\x20\x00\x00\x00\x6a\x00\x20\x2f\xfe\x00\x85\x00\x40\x50\x00\x0f\x05\x00\x40\x50\x00\xf0\x0a\x00\x80\x2f\xff\x00\x05\xff\x80",
];

const BODY_SIDE_KNEADING_FILL_FRAMES: &[&[u8]] = &[
    b"\x00\x00\x00\x01\xff\x80\x00\x00\x00\x07\xff\xc0\x00\x00\x00\x1f\xff\xc0\x00\x00\x00\x7f\xff\xe0\x00\x00\x01\xff\xff\xe0\x00\x00\x07\xff\xff\xe0\x00\x00\x0f\xff\xff\xf0\x00\x00\x1f\xff\xff\xf0\x00\x00\x3f\xff\xff\xf0\x00\x00\x7f\xff\xff\xf0\x00\x00\xff\xff\xff\xf0\x00\x01\xff\xff\xff\xf0\x00\x01\xff\xff\xff\xf0\x00\x03\xff\xff\xff\xe0\x00\x03\xff\xff\xff\xe0\x00\x03\xff\xff\xff\xe0\x00\x03\xff\xef\xff\xe0\x77\xff\xff\x87\xff\xc0\xff\xff\xff\x07\xff\xc0\xff\xff\xf0\x0f\xff\x80\x77\xff\x00\x05\xff\x80",
    b"\x00\x00\x00\x01\xff\x80\x00\x00\x00\x07\xff\xc0\x00\x00\x00\x1f\xff\xc0\x00\x00\x00\x7f\xff\xe0\x00\x00\x01\xff\xff\xe0\x00\x00\x07\xff\xff\xe0\x00\x00\x0f\xff\xff\xf0\x00\x00\x1f\xff\xff\xf0\x00\x00\x3f\xff\xff\xf0\x00\x00\x7f\xff\xff\xf0\x00\x00\xff\xff\xff\xf0\x00\x01\xff\xff\xff\xf0\x00\x01\xff\xff\xff\xf0\x00\x03\xff\xff\xff\xe0\x00\x03\xff\xff\xff\xe0\x00\x03\xff\xff\xff\xe0\x00\x03\xff\xef\xff\xe0\x37\xff\xff\x87\xff\xc0\x7f\xff\xff\x07\xff\xc0\xff\xff\xf0\x0f\xff\x80\xf7\xff\x00\x05\xff\x80",
    b"\x00\x00\x00\x01\xff\x80\x00\x00\x00\x07\xff\xc0\x00\x00\x00\x1f\xff\xc0\x00\x00\x00\x7f\xff\xe0\x00\x00\x01\xff\xff\xe0\x00\x00\x07\xff\xff\xe0\x00\x00\x0f\xff\xff\xf0\x00\x00\x1f\xff\xff\xf0\x00\x00\x3f\xff\xff\xf0\x00\x00\x7f\xff\xff\xf0\x00\x00\xff\xff\xff\xf0\x00\x01\xff\xff\xff\xf0\x00\x01\xff\xff\xff\xf0\x00\x03\xff\xff\xff\xe0\x00\x03\xff\xff\xff\xe0\x00\x03\xff\xff\xff\xe0\x00\x03\xff\xef\xff\xe0\x77\xff\xff\x87\xff\xc0\xff\xff\xff\x07\xff\xc0\xff\xff\xf0\x0f\xff\x80\x77\xff\x00\x05\xff\x80",
    b"\x00\x00\x00\x01\xff\x80\x00\x00\x00\x07\xff\xc0\x00\x00\x00\x1f\xff\xc0\x00\x00\x00\x7f\xff\xe0\x00\x00\x01\xff\xff\xe0\x00\x00\x07\xff\xff\xe0\x00\x00\x0f\xff\xff\xf0\x00\x00\x1f\xff\xff\xf0\x00\x00\x3f\xff\xff\xf0\x00\x00\x7f\xff\xff\xf0\x00\x00\xff\xff\xff\xf0\x00\x01\xff\xff\xff\xf0\x00\x01\xff\xff\xff\xf0\x00\x03\xff\xff\xff\xe0\x00\x03\xff\xff\xff\xe0\x00\x03\xff\xff\xff\xe0\x00\x03\xff\xef\xff\xe0\x2f\xff\xff\x87\xff\xc0\x7f\xff\xff\x07\xff\xc0\x7f\xff\xf0\x0f\xff\x80\x2f\xff\x00\x05\xff\x80",
    b"\x00\x00\x00\x01\xff\x80\x00\x00\x00\x07\xff\xc0\x00\x00\x00\x1f\xff\xc0\x00\x00\x00\x7f\xff\xe0\x00\x00\x01\xff\xff\xe0\x00\x00\x07\xff\xff\xe0\x00\x00\x0f\xff\xff\xf0\x00\x00\x1f\xff\xff\xf0\x00\x00\x3f\xff\xff\xf0\x00\x00\x7f\xff\xff\xf0\x00\x00\xff\xff\xff\xf0\x00\x01\xff\xff\xff\xf0\x00\x01\xff\xff\xff\xf0\x00\x03\xff\xff\xff\xe0\x00\x03\xff\xff\xff\xe0\x00\x03\xff\xff\xff\xe0\x00\x03\xff\xef\xff\xe0\x1f\xff\xff\x87\xff\xc0\x3f\xff\xff\x07\xff\xc0\x3f\xff\xf0\x0f\xff\x80\x1f\xff\x00\x05\xff\x80",
    b"\x00\x00\x00\x01\xff\x80\x00\x00\x00\x07\xff\xc0\x00\x00\x00\x1f\xff\xc0\x00\x00\x00\x7f\xff\xe0\x00\x00\x01\xff\xff\xe0\x00\x00\x07\xff\xff\xe0\x00\x00\x0f\xff\xff\xf0\x00\x00\x1f\xff\xff\xf0\x00\x00\x3f\xff\xff\xf0\x00\x00\x7f\xff\xff\xf0\x00\x00\xff\xff\xff\xf0\x00\x01\xff\xff\xff\xf0\x00\x01\xff\xff\xff\xf0\x00\x03\xff\xff\xff\xe0\x00\x03\xff\xff\xff\xe0\x00\x03\xff\xff\xff\xe0\x00\x03\xff\xef\xff\xe0\x3f\xff\xff\x87\xff\xc0\x7f\xff\xff\x07\xff\xc0\x7f\xff\xf0\x0f\xff\x80\x3f\xff\x00\x05\xff\x80",
    b"\x00\x00\x00\x01\xff\x80\x00\x00\x00\x07\xff\xc0\x00\x00\x00\x1f\xff\xc0\x00\x00\x00\x7f\xff\xe0\x00\x00\x01\xff\xff\xe0\x00\x00\x07\xff\xff\xe0\x00\x00\x0f\xff\xff\xf0\x00\x00\x1f\xff\xff\xf0\x00\x00\x3f\xff\xff\xf0\x00\x00\x7f\xff\xff\xf0\x00\x00\xff\xff\xff\xf0\x00\x01\xff\xff\xff\xf0\x00\x01\xff\xff\xff\xf0\x00\x03\xff\xff\xff\xe0\x00\x03\xff\xff\xff\xe0\x00\x03\xff\xff\xff\xe0\x00\x03\xff\xef\xff\xe0\x7f\xff\xff\x87\xff\xc0\xff\xff\xff\x07\xff\xc0\xff\xff\xf0\x0f\xff\x80\x7f\xff\x00\x05\xff\x80",
    b"\x00\x00\x00\x01\xff\x80\x00\x00\x00\x07\xff\xc0\x00\x00\x00\x1f\xff\xc0\x00\x00\x00\x7f\xff\xe0\x00\x00\x01\xff\xff\xe0\x00\x00\x07\xff\xff\xe0\x00\x00\x0f\xff\xff\xf0\x00\x00\x1f\xff\xff\xf0\x00\x00\x3f\xff\xff\xf0\x00\x00\x7f\xff\xff\xf0\x00\x00\xff\xff\xff\xf0\x00\x01\xff\xff\xff\xf0\x00\x01\xff\xff\xff\xf0\x00\x03\xff\xff\xff\xe0\x00\x03\xff\xff\xff\xe0\x00\x03\xff\xff\xff\xe0\x00\x03\xff\xef\xff\xe0\x3f\xff\xff\x87\xff\xc0\x7f\xff\xff\x07\xff\xc0\xff\xff\xf0\x0f\xff\x80\xff\xff\x00\x05\xff\x80",
    b"\x00\x00\x00\x01\xff\x80\x00\x00\x00\x07\xff\xc0\x00\x00\x00\x1f\xff\xc0\x00\x00\x00\x7f\xff\xe0\x00\x00\x01\xff\xff\xe0\x00\x00\x07\xff\xff\xe0\x00\x00\x0f\xff\xff\xf0\x00\x00\x1f\xff\xff\xf0\x00\x00\x3f\xff\xff\xf0\x00\x00\x7f\xff\xff\xf0\x00\x00\xff\xff\xff\xf0\x00\x01\xff\xff\xff\xf0\x00\x01\xff\xff\xff\xf0\x00\x03\xff\xff\xff\xe0\x00\x03\xff\xff\xff\xe0\x00\x03\xff\xff\xff\xe0\x00\x03\xff\xef\xff\xe0\x7f\xff\xff\x87\xff\xc0\xff\xff\xff\x07\xff\xc0\xff\xff\xf0\x0f\xff\x80\x7f\xff\x00\x05\xff\x80",
    b"\x00\x00\x00\x01\xff\x80\x00\x00\x00\x07\xff\xc0\x00\x00\x00\x1f\xff\xc0\x00\x00\x00\x7f\xff\xe0\x00\x00\x01\xff\xff\xe0\x00\x00\x07\xff\xff\xe0\x00\x00\x0f\xff\xff\xf0\x00\x00\x1f\xff\xff\xf0\x00\x00\x3f\xff\xff\xf0\x00\x00\x7f\xff\xff\xf0\x00\x00\xff\xff\xff\xf0\x00\x01\xff\xff\xff\xf0\x00\x01\xff\xff\xff\xf0\x00\x03\xff\xff\xff\xe0\x00\x03\xff\xff\xff\xe0\x00\x03\xff\xff\xff\xe0\x00\x03\xff\xef\xff\xe0\x3f\xff\xff\x87\xff\xc0\x7f\xff\xff\x07\xff\xc0\x7f\xff\xf0\x0f\xff\x80\x3f\xff\x00\x05\xff\x80",
    b"\x00\x00\x00\x01\xff\x80\x00\x00\x00\x07\xff\xc0\x00\x00\x00\x1f\xff\xc0\x00\x00\x00\x7f\xff\xe0\x00\x00\x01\xff\xff\xe0\x00\x00\x07\xff\xff\xe0\x00\x00\x0f\xff\xff\xf0\x00\x00\x1f\xff\xff\xf0\x00\x00\x3f\xff\xff\xf0\x00\x00\x7f\xff\xff\xf0\x00\x00\xff\xff\xff\xf0\x00\x01\xff\xff\xff\xf0\x00\x01\xff\xff\xff\xf0\x00\x03\xff\xff\xff\xe0\x00\x03\xff\xff\xff\xe0\x00\x03\xff\xff\xff\xe0\x00\x03\xff\xef\xff\xe0\x1f\xff\xff\x87\xff\xc0\x3f\xff\xff\x07\xff\xc0\x3f\xff\xf0\x0f\xff\x80\x1f\xff\x00\x05\xff\x80",
    b"\x00\x00\x00\x01\xff\x80\x00\x00\x00\x07\xff\xc0\x00\x00\x00\x1f\xff\xc0\x00\x00\x00\x7f\xff\xe0\x00\x00\x01\xff\xff\xe0\x00\x00\x07\xff\xff\xe0\x00\x00\x0f\xff\xff\xf0\x00\x00\x1f\xff\xff\xf0\x00\x00\x3f\xff\xff\xf0\x00\x00\x7f\xff\xff\xf0\x00\x00\xff\xff\xff\xf0\x00\x01\xff\xff\xff\xf0\x00\x01\xff\xff\xff\xf0\x00\x03\xff\xff\xff\xe0\x00\x03\xff\xff\xff\xe0\x00\x03\xff\xff\xff\xe0\x00\x03\xff\xef\xff\xe0\x2f\xff\xff\x87\xff\xc0\x7f\xff\xff\x07\xff\xc0\x7f\xff\xf0\x0f\xff\x80\x2f\xff\x00\x05\xff\x80",
];

pub static BODY_SIDE_KNEADING: CharBody = CharBody {
    sprite: Sprite {
        width: 44,
        height: 21,
        frames: BODY_SIDE_KNEADING_FRAMES,
        fill_frames: Some(BODY_SIDE_KNEADING_FILL_FRAMES),
    },
    anchor_x: 22,
    anchor_y: 21,
    head_x: 12,
    head_y: 16,
    tail_x: 38,
    tail_y: 0,
    speed: 4.0,
    extra_frames: 0,
};

const BODY_SIDE_LAYING_FRAMES: &[&[u8]] = &[
    b"\x00\x00\x00\x00\x00\x00\xf0\x00\x00\x0b\x0c\x00\x00\x04\x03\x00\x00\x00\x00\x80\x00\x00\x00\x40\x10\x00\x00\x20\x10\x00\x00\x20\x10\x00\x00\x10\x10\x00\x00\x10\x10\x00\x00\x08\x10\x00\x00\x08\x20\x00\x00\x00\x40\x00\x00\x80\x81\x00\x00\x80\x81\x00\x01\x08\x7e\xff\xff\xf0",
];

const BODY_SIDE_LAYING_FILL_FRAMES: &[&[u8]] = &[
    b"\x00\x00\x00\x00\x00\x00\xf0\x00\x00\x03\xfc\x00\x07\xff\xff\x00\x0f\xff\xff\x80\x1f\xff\xff\xc0\x1f\xff\xff\xe0\x1f\xff\xff\xe0\x1f\xff\xff\xf0\x1f\xff\xff\xf0\x1f\xff\xff\xf8\x1f\xff\xff\xf8\x3f\xff\xff\xf8\x7f\xff\xff\xf8\xff\xff\xff\xf8\xff\xff\xff\xf8\x7e\xff\xff\xf0",
];

pub static BODY_SIDE_LAYING: CharBody = CharBody {
    sprite: Sprite {
        width: 29,
        height: 17,
        frames: BODY_SIDE_LAYING_FRAMES,
        fill_frames: Some(BODY_SIDE_LAYING_FILL_FRAMES),
    },
    anchor_x: 14,
    anchor_y: 17,
    head_x: 9,
    head_y: 5,
    tail_x: 28,
    tail_y: 13,
    speed: 1.0,
    extra_frames: 0,
};

const BODY_SIDE_LAYING2_FRAMES: &[&[u8]] = &[
    b"\x00\x00\xf0\x00\x00\x03\x0c\x00\x00\x0c\x03\x00\x00\x30\x00\x80\x00\xc0\x00\x40\x01\x00\x00\x20\x02\x00\x00\x20\x00\x00\x00\x10\x00\x00\x00\x10\x00\x00\x00\x08\x10\x00\x00\x08\x20\x00\x00\x00\x40\x40\x00\x80\x80\x80\x00\x80\x81\x00\x01\x08\x7e\xff\xff\xf0",
];

const BODY_SIDE_LAYING2_FILL_FRAMES: &[&[u8]] = &[
    b"\x00\x00\xf0\x00\x00\x03\xfc\x00\x00\x0f\xff\x00\x00\x3f\xff\x80\x00\xff\xff\xc0\x01\xff\xff\xe0\x03\xff\xff\xe0\x03\xff\xff\xf0\x07\xff\xff\xf0\x0f\xff\xff\xf8\x1f\xff\xff\xf8\x3f\xff\xff\xf8\x7f\xff\xff\xf8\xff\xff\xff\xf8\xff\xff\xff\xf8\x7e\xff\xff\xf0",
];

pub static BODY_SIDE_LAYING2: CharBody = CharBody {
    sprite: Sprite {
        width: 29,
        height: 16,
        frames: BODY_SIDE_LAYING2_FRAMES,
        fill_frames: Some(BODY_SIDE_LAYING2_FILL_FRAMES),
    },
    anchor_x: 14,
    anchor_y: 16,
    head_x: 9,
    head_y: 4,
    tail_x: 28,
    tail_y: 12,
    speed: 1.0,
    extra_frames: 0,
};

const BODY_SIDE_LEANING_FRAMES: &[&[u8]] = &[
    b"\x00\x00\x00\x01\xe0\x80\x00\x00\x00\x06\x00\x40\x00\x00\x00\x18\x00\x40\x00\x00\x00\x60\x00\x20\x00\x00\x01\x80\x00\x20\x00\x00\x06\x00\x00\x20\x00\x00\x08\x00\x00\x10\x00\x00\x00\x00\x00\x10\x00\x00\x00\x00\x00\x10\x00\x00\x00\x00\x00\x10\x00\x00\x00\x00\x00\x10\x00\x00\x00\x00\x00\x10\x00\x00\x00\x00\x00\x10\x00\x00\x00\x00\x00\x20\x00\x00\x00\x00\x00\x20\x00\x00\x00\x1c\x00\x20\x00\x00\x00\x6a\x00\x20\x77\xfe\x00\x85\x00\x40\x88\x00\x0f\x05\x00\x40\x88\x00\xf0\x0a\x00\x80\x77\xff\x00\x05\xff\x80",
];

const BODY_SIDE_LEANING_FILL_FRAMES: &[&[u8]] = &[
    b"\x00\x00\x00\x01\xff\x80\x00\x00\x00\x07\xff\xc0\x00\x00\x00\x1f\xff\xc0\x00\x00\x00\x7f\xff\xe0\x00\x00\x01\xff\xff\xe0\x00\x00\x07\xff\xff\xe0\x00\x00\x3f\xff\xff\xf0\x00\x00\xff\xff\xff\xf0\x00\x01\xff\xff\xff\xf0\x00\x03\xff\xff\xff\xf0\x00\x07\xff\xff\xff\xf0\x00\x0f\xff\xff\xff\xf0\x00\x1f\xff\xff\xff\xf0\x00\x3f\xff\xff\xff\xe0\x00\x3f\xff\xff\xff\xe0\x00\x1f\xff\xff\xff\xe0\x00\x1f\xff\xef\xff\xe0\x7f\xff\xff\x87\xff\xc0\xff\xff\xff\x07\xff\xc0\xff\xff\xf0\x0f\xff\x80\x77\xff\x00\x07\xff\x80",
];

pub static BODY_SIDE_LEANING: CharBody = CharBody {
    sprite: Sprite {
        width: 44,
        height: 21,
        frames: BODY_SIDE_LEANING_FRAMES,
        fill_frames: Some(BODY_SIDE_LEANING_FILL_FRAMES),
    },
    anchor_x: 22,
    anchor_y: 21,
    head_x: 12,
    head_y: 16,
    tail_x: 38,
    tail_y: 0,
    speed: 1.0,
    extra_frames: 0,
};

const BODY_SIDE_RUNNING_FRAMES: &[&[u8]] = &[
    b"\x00\x00\x07\xf0\x00\x00\x00\x00\x18\x0f\x00\x00\x00\x01\xe0\x00\x00\x00\x00\x00\x00\x00\x00\x00\x00\x00\x00\x00\x00\x00\x00\x00\x00\x00\x00\x00\x01\x80\x00\x01\x00\x00\x00\x40\x00\x01\x00\x00\x00\x20\x00\x00\x80\x00\x00\x40\x00\x00\x40\x00\x00\x80\x00\x00\x20\x00\x03\x00\x00\x00\x10\x00\x0c\x00\x1f\xc0\x08\x00\x10\x00\xe0\x30\x04\x00\x60\x0f\x00\x0c\x02\x00\x80\xf0\x00\x03\x01\x00\x43\x00\x00\x00\xc0\x80\x3c\x00\x00\x00\x30\x40\x00\x00\x00\x00\x08\x40\x00\x00\x00\x00\x07\x80\x00\x00\x00\x00\x00\x00",
    b"\x00\x00\x07\xf0\x00\x00\x00\x00\x18\x0f\x00\x00\x00\x01\xe0\x00\x00\x00\x00\x00\x00\x00\x00\x00\x00\x00\x00\x00\x00\x00\x00\x00\x00\x00\x00\x00\x01\x80\x00\x01\x00\x00\x00\x40\x00\x01\x00\x00\x00\x20\x00\x02\x00\x00\x00\x20\x00\x02\x00\x00\x00\x40\x00\x02\x00\x00\x00\x80\x00\x02\x00\x00\x01\x00\x1f\x01\x00\x00\x02\x01\xe0\x81\x00\x00\x04\x02\x00\x40\x80\x00\x08\x0c\x00\x20\x40\x00\x10\x30\x00\x18\x20\x00\x20\x40\x00\x04\x20\x00\x41\x80\x00\x08\x20\x00\x46\x00\x00\x07\xc0\x00\x38\x00\x00\x00\x00\x00",
    b"\x00\x00\x1f\xc0\x00\x00\x00\x00\x60\x3f\x00\x00\x00\x01\x80\x00\x00\x00\x00\x00\x00\x00\x00\x00\x00\x00\x00\x00\x00\x00\x00\x00\x00\x00\x00\x00\x01\x80\x00\x01\x00\x00\x00\x40\x00\x01\x00\x00\x00\x20\x00\x02\x00\x00\x00\x20\x00\x02\x00\x00\x00\x40\x00\x04\x00\x00\x00\x40\x00\x04\x00\x00\x00\x80\x78\x08\x00\x00\x01\x01\x84\x06\x00\x00\x02\x02\x03\x01\x00\x00\x02\x04\x00\xc0\x80\x00\x04\x18\x00\x20\x80\x00\x04\x20\x00\x43\x00\x00\x08\x40\x00\x3c\x00\x00\x11\x80\x00\x00\x00\x00\x0e\x00\x00\x00\x00\x00",
    b"\x00\x00\x1f\x80\x00\x00\x00\x00\x60\x7f\x00\x00\x00\x01\x80\x00\x00\x00\x00\x00\x00\x00\x00\x00\x00\x00\x00\x00\x00\x00\x00\x00\x00\x00\x00\x00\x01\x80\x00\x01\x00\x00\x00\x40\x00\x01\x00\x00\x00\x20\x00\x02\x00\x00\x00\x20\x00\x02\x00\x00\x00\x20\x00\x01\x00\x00\x00\x20\x3e\x01\x00\x00\x00\x20\x41\x00\x80\x00\x00\x10\x40\x80\x80\x00\x00\x10\x40\x80\x40\x00\x00\x08\x40\x40\x80\x00\x00\x08\x20\x81\x00\x00\x00\x04\x21\x06\x00\x00\x00\x04\x21\x08\x00\x00\x00\x02\x22\x10\x00\x00\x00\x01\xc1\xe0\x00\x00",
    b"\x00\x00\x07\xf8\x00\x00\x00\x00\x18\x07\x00\x00\x00\x01\xe0\x00\x00\x00\x00\x00\x00\x00\x00\x00\x00\x00\x00\x00\x00\x00\x00\x00\x00\x00\x00\x00\x01\x80\x00\x01\x00\x00\x00\x40\x00\x01\x00\x00\x00\x20\x00\x01\x00\x00\x00\x20\x00\x02\x00\x00\x00\x40\x00\x02\x00\x00\x00\x80\x00\x02\x00\x00\x01\x00\x7e\x01\x00\x00\x02\x07\x81\x01\x00\x00\x02\x08\x01\x00\x80\x00\x01\x06\x00\x80\x40\x00\x01\x01\x00\x60\x20\x00\x00\xc6\x00\x3c\x20\x00\x00\x38\x00\x02\x20\x00\x00\x00\x00\x04\x20\x00\x00\x00\x00\x03\xc0\x00",
];

const BODY_SIDE_RUNNING_FILL_FRAMES: &[&[u8]] = &[
    b"\x00\x00\x07\xf0\x00\x00\x00\x00\x1f\xff\x00\x00\x00\x03\xff\xff\x00\x00\x00\x0f\xff\xff\x00\x00\x00\x3f\xff\xff\x00\x00\x00\xff\xff\xff\x00\x00\x01\xff\xff\xff\x00\x00\x00\x7f\xff\xff\x00\x00\x00\x3f\xff\xff\x80\x00\x00\x7f\xff\xff\xc0\x00\x00\xff\xff\xff\xe0\x00\x03\xff\xff\xff\xf0\x00\x0f\xff\xff\xff\xf8\x00\x1f\xff\xe0\x3f\xfc\x00\x7f\xff\x00\x0f\xfe\x00\xff\xf0\x00\x03\xff\x00\x7f\x00\x00\x00\xff\x80\x3c\x00\x00\x00\x3f\xc0\x00\x00\x00\x00\x0f\xc0\x00\x00\x00\x00\x07\x80\x00\x00\x00\x00\x00\x00",
    b"\x00\x00\x07\xf0\x00\x00\x00\x00\x1f\xff\x00\x00\x00\x03\xff\xff\x00\x00\x00\x0f\xff\xff\x00\x00\x00\x3f\xff\xff\x00\x00\x00\xff\xff\xff\x00\x00\x01\xff\xff\xff\x00\x00\x00\x7f\xff\xff\x00\x00\x00\x3f\xff\xfe\x00\x00\x00\x3f\xff\xfe\x00\x00\x00\x7f\xff\xfe\x00\x00\x00\xff\xff\xfe\x00\x00\x01\xff\xff\xff\x00\x00\x03\xff\xe0\xff\x00\x00\x07\xfe\x00\x7f\x80\x00\x0f\xfc\x00\x3f\xc0\x00\x1f\xf0\x00\x1f\xe0\x00\x3f\xc0\x00\x07\xe0\x00\x7f\x80\x00\x0f\xe0\x00\x7e\x00\x00\x07\xc0\x00\x38\x00\x00\x00\x00\x00",
    b"\x00\x00\x1f\xc0\x00\x00\x00\x00\x7f\xff\x00\x00\x00\x03\xff\xff\x00\x00\x00\x0f\xff\xff\x00\x00\x00\x3f\xff\xff\x00\x00\x00\xff\xff\xff\x00\x00\x01\xff\xff\xff\x00\x00\x00\x7f\xff\xff\x00\x00\x00\x3f\xff\xfe\x00\x00\x00\x3f\xff\xfe\x00\x00\x00\x7f\xff\xfc\x00\x00\x00\x7f\xff\xfc\x00\x00\x00\xff\xff\xf8\x00\x00\x01\xff\x87\xfe\x00\x00\x03\xfe\x03\xff\x00\x00\x03\xfc\x00\xff\x80\x00\x07\xf8\x00\x3f\x80\x00\x07\xe0\x00\x7f\x00\x00\x0f\xc0\x00\x3c\x00\x00\x1f\x80\x00\x00\x00\x00\x0e\x00\x00\x00\x00\x00",
    b"\x00\x00\x1f\x80\x00\x00\x00\x00\x7f\xff\x00\x00\x00\x03\xff\xff\x00\x00\x00\x0f\xff\xff\x00\x00\x00\x3f\xff\xff\x00\x00\x00\xff\xff\xff\x00\x00\x01\xff\xff\xff\x00\x00\x00\x7f\xff\xff\x00\x00\x00\x3f\xff\xfe\x00\x00\x00\x3f\xff\xfe\x00\x00\x00\x3f\xff\xff\x00\x00\x00\x3f\xff\xff\x00\x00\x00\x3f\xc1\xff\x80\x00\x00\x1f\xc0\xff\x80\x00\x00\x1f\xc0\xff\xc0\x00\x00\x0f\xc0\x7f\x80\x00\x00\x0f\xe0\xff\x00\x00\x00\x07\xe1\xfe\x00\x00\x00\x07\xe1\xf8\x00\x00\x00\x03\xe3\xf0\x00\x00\x00\x01\xc1\xe0\x00\x00",
    b"\x00\x00\x07\xf8\x00\x00\x00\x00\x1f\xff\x00\x00\x00\x03\xff\xff\x00\x00\x00\x0f\xff\xff\x00\x00\x00\x3f\xff\xff\x00\x00\x00\xff\xff\xff\x00\x00\x01\xff\xff\xff\x00\x00\x00\x7f\xff\xff\x00\x00\x00\x3f\xff\xff\x00\x00\x00\x3f\xff\xfe\x00\x00\x00\x7f\xff\xfe\x00\x00\x00\xff\xff\xfe\x00\x00\x01\xff\xff\xff\x00\x00\x03\xff\x81\xff\x00\x00\x03\xf8\x01\xff\x80\x00\x01\xfe\x00\xff\xc0\x00\x01\xff\x00\x7f\xe0\x00\x00\xfe\x00\x3f\xe0\x00\x00\x38\x00\x03\xe0\x00\x00\x00\x00\x07\xe0\x00\x00\x00\x00\x03\xc0\x00",
];

pub static BODY_SIDE_RUNNING: CharBody = CharBody {
    sprite: Sprite {
        width: 42,
        height: 21,
        frames: BODY_SIDE_RUNNING_FRAMES,
        fill_frames: Some(BODY_SIDE_RUNNING_FILL_FRAMES),
    },
    anchor_x: 21,
    anchor_y: 21,
    head_x: 14,
    head_y: 6,
    tail_x: 33,
    tail_y: 4,
    speed: 10.0,
    extra_frames: 0,
};

const BODY_SIDE_SITTING_FRAMES: &[&[u8]] = &[
    b"\x00\x02\x00\x10\x01\x00\x10\x00\x80\x10\x00\x40\x10\x00\x20\x10\x00\x10\x10\x00\x10\x08\x00\x08\x08\x00\x08\x08\x00\x04\x08\x00\x00\x08\x00\x00\x08\x00\x00\x10\x00\x00\x10\x00\x00\x11\x00\x04\x61\x00\x08\x83\x00\x08\x7c\xff\xf0",
];

const BODY_SIDE_SITTING_FILL_FRAMES: &[&[u8]] = &[
    b"\x03\xfe\x00\x07\xff\x00\x0f\xff\x80\x1f\xff\xc0\x1f\xff\xe0\x1f\xff\xf0\x1f\xff\xf0\x0f\xff\xf8\x0f\xff\xf8\x0f\xff\xfc\x0f\xff\xfc\x0f\xff\xfc\x0f\xff\xfc\x1f\xff\xfc\x1f\xff\xfc\x1f\xff\xfc\x7f\xff\xf8\xff\xff\xf8\x7c\xff\xf0",
];

pub static BODY_SIDE_SITTING: CharBody = CharBody {
    sprite: Sprite {
        width: 22,
        height: 19,
        frames: BODY_SIDE_SITTING_FRAMES,
        fill_frames: Some(BODY_SIDE_SITTING_FILL_FRAMES),
    },
    anchor_x: 9,
    anchor_y: 19,
    head_x: 10,
    head_y: 1,
    tail_x: 23,
    tail_y: 12,
    speed: 1.0,
    extra_frames: 0,
};

const BODY_SIDE_SITTING2_FRAMES: &[&[u8]] = &[
    b"\x00\x00\x80\x00\x08\x00\x80\x00\x08\x00\x40\x00\x08\x00\x20\x00\x08\x00\x10\x00\x04\x00\x08\x00\x04\x00\x04\x00\x04\x00\x04\x00\x02\x00\x02\x00\x02\x00\x02\x00\x02\x00\x02\x00\x06\x00\x01\x00\x06\x01\x01\x00\x0a\x01\x00\x80\x12\x22\x20\x00\x12\x22\x40\x00\x62\x22\x80\x00\x82\x23\x80\x80\x85\xde\x43\x00\x78\x00\x3c\x00",
];

const BODY_SIDE_SITTING2_FILL_FRAMES: &[&[u8]] = &[
    b"\x03\xff\x00\x00\x07\xff\x80\x00\x0f\xff\xc0\x00\x0f\xff\xe0\x00\x0f\xff\xf0\x00\x07\xff\xf8\x00\x07\xff\xfc\x00\x07\xff\xfc\x00\x03\xff\xfe\x00\x03\xff\xfe\x00\x03\xff\xfe\x00\x07\xff\xff\x00\x07\xff\xff\x00\x0f\xff\xff\x80\x1f\xff\xff\x80\x1f\xff\xff\x80\x7f\xff\xff\x80\xff\xff\xff\x80\xfd\xde\x7f\x00\x78\x00\x3c\x00",
];

pub static BODY_SIDE_SITTING2: CharBody = CharBody {
    sprite: Sprite {
        width: 25,
        height: 20,
        frames: BODY_SIDE_SITTING2_FRAMES,
        fill_frames: Some(BODY_SIDE_SITTING2_FILL_FRAMES),
    },
    anchor_x: 12,
    anchor_y: 20,
    head_x: 12,
    head_y: 0,
    tail_x: 25,
    tail_y: 15,
    speed: 1.0,
    extra_frames: 0,
};

const BODY_SIDE_SITTING_LEGOUT_FRAMES: &[&[u8]] = &[
    b"\x00\x00\x1e\x00\x00\x00\x01\x80\x00\x00\x00\x40\x00\x00\x00\x20\x00\x00\x00\x10\x00\x00\x00\x08\x00\x78\x00\x04\x00\x0c\x00\x04\x00\x14\x00\x02\x00\x24\x02\x02\x00\x44\x02\x01\x40\x84\x44\x40\xa3\x04\x44\x80\x9c\x04\x45\x00\x80\x04\x47\x01\x80\x1f\xbc\x86\x7f\xe0\x00\x78",
];

const BODY_SIDE_SITTING_LEGOUT_FILL_FRAMES: &[&[u8]] = &[
    b"\x00\x00\x1e\x00\x00\x00\x3f\x80\x00\x00\xff\xc0\x00\x03\xff\xe0\x00\x0f\xff\xf0\x00\x1f\xff\xf8\x00\x3f\xff\xfc\x00\x0f\xff\xfc\x00\x1f\xff\xfe\x00\x3f\xff\xfe\x00\x7f\xff\xff\x40\xff\xff\xff\xe3\xff\xff\xff\xff\xff\xff\xff\xff\xff\xff\xff\xff\xff\xbc\xfe\x7f\xe0\x00\x78",
];

pub static BODY_SIDE_SITTING_LEGOUT: CharBody = CharBody {
    sprite: Sprite {
        width: 32,
        height: 17,
        frames: BODY_SIDE_SITTING_LEGOUT_FRAMES,
        fill_frames: Some(BODY_SIDE_SITTING_LEGOUT_FILL_FRAMES),
    },
    anchor_x: 18,
    anchor_y: 17,
    head_x: 16,
    head_y: 7,
    tail_x: 32,
    tail_y: 12,
    speed: 1.0,
    extra_frames: 0,
};

const BODY_SIDE_STANDING_FRAMES: &[&[u8]] = &[
    b"\x00\x01\xfc\x00\x00\x06\x03\xc0\x00\x78\x00\x00\x00\x00\x00\x00\x00\x00\x00\x00\x00\x00\x00\x00\x60\x00\x00\x40\x10\x00\x00\x40\x08\x00\x00\x20\x08\x00\x00\x10\x08\x00\x00\x08\x08\x00\x00\x08\x08\x01\x00\x08\x10\x02\x80\x08\x10\x04\x80\x08\x20\x04\x40\x08\x20\x04\x40\x10\x40\x08\x44\x10\x82\x08\x46\x10\x86\x10\x85\x10\x79\xe0\x78\xe0",
];

const BODY_SIDE_STANDING_FILL_FRAMES: &[&[u8]] = &[
    b"\x00\x01\xfc\x00\x00\x07\xff\xc0\x00\x7f\xff\x80\x01\xff\xff\x80\x01\xff\xff\xc0\x03\xff\xff\xc0\x03\xff\xff\xc0\x07\xff\xff\xc0\x07\xff\xff\xe0\x07\xff\xff\xf0\x0f\xff\xff\xf8\x0f\xff\xff\xf8\x0f\xff\xff\xf8\x1f\xfe\xff\xf8\x1f\xfc\xff\xf8\x3f\xfc\x7f\xf8\x3f\xfc\x7f\xf0\x7f\xf8\x7f\xf0\xff\xf8\x7f\xf0\xff\xf0\xfd\xf0\x79\xe0\x78\xe0",
];

pub static BODY_SIDE_STANDING: CharBody = CharBody {
    sprite: Sprite {
        width: 29,
        height: 21,
        frames: BODY_SIDE_STANDING_FRAMES,
        fill_frames: Some(BODY_SIDE_STANDING_FILL_FRAMES),
    },
    anchor_x: 15,
    anchor_y: 21,
    head_x: 7,
    head_y: 6,
    tail_x: 26,
    tail_y: 4,
    speed: 1.0,
    extra_frames: 0,
};

const BODY_SIDE_WALKING_FRAMES: &[&[u8]] = &[
    b"\x00\x01\xfc\x00\x00\x06\x03\xc0\x00\x78\x00\x00\x00\x00\x00\x00\x00\x00\x00\x00\x00\x00\x00\x00\x60\x00\x00\x40\x10\x00\x00\x40\x08\x00\x00\x20\x08\x00\x00\x10\x08\x00\x00\x10\x08\x00\x00\x10\x10\x01\x00\x10\x10\x02\x80\x10\x10\x04\x80\x10\x20\x04\x42\x10\x20\x82\x45\x10\x41\x42\x85\x08\x82\x42\x89\x08\x84\x22\x88\x88\x78\x1c\x70\x70",
    b"\x00\x01\xf8\x00\x00\x0e\x07\xc0\x00\x70\x00\x00\x00\x00\x00\x00\x00\x00\x00\x00\x00\x00\x00\x00\x60\x00\x00\x40\x10\x00\x00\x40\x08\x00\x00\x20\x08\x00\x00\x10\x08\x00\x00\x10\x08\x00\x00\x10\x08\x03\x00\x10\x10\x04\x80\x10\x10\x08\x80\x10\x10\x08\x40\x20\x10\x84\x40\x10\x20\x84\x42\x08\x20\xc8\x85\x90\x21\x30\x84\x60\x1e\x00\x78\x00",
    b"\x00\x01\xf8\x00\x00\x1e\x07\xc0\x00\x60\x00\x00\x00\x00\x00\x00\x00\x00\x00\x00\x00\x00\x00\x00\x60\x00\x00\x40\x10\x00\x00\x40\x08\x00\x00\x20\x08\x00\x00\x10\x08\x00\x00\x10\x08\x00\x00\x10\x08\x03\x00\x10\x08\x04\x80\x20\x08\x08\x80\x20\x08\x08\x40\x20\x08\x08\x41\x10\x04\x10\x21\x90\x04\x20\x21\x60\x04\x20\x22\x00\x03\xc0\x1c\x00",
    b"\x00\x01\xf8\x00\x00\x0e\x07\xc0\x00\x70\x00\x00\x00\x00\x00\x00\x00\x00\x00\x00\x00\x00\x00\x00\x60\x00\x00\x40\x10\x00\x00\x40\x08\x00\x00\x20\x08\x00\x00\x10\x08\x00\x00\x10\x08\x00\x00\x10\x08\x03\x00\x20\x10\x04\x80\x20\x10\x04\x80\x40\x20\x08\x40\x40\x40\x08\x24\x20\x42\x08\x14\x20\x25\x08\x0a\x20\x18\x88\x02\x20\x00\x70\x01\xc0",
    b"\x00\x01\xfc\x00\x00\x06\x03\xc0\x00\x78\x00\x00\x00\x00\x00\x00\x00\x00\x00\x00\x00\x00\x00\x00\x60\x00\x00\x40\x10\x00\x00\x40\x08\x00\x00\x20\x08\x00\x00\x10\x08\x00\x00\x10\x08\x00\x00\x10\x10\x01\x00\x10\x10\x02\x80\x20\x10\x04\x84\x20\x20\x08\x84\x20\x20\x09\x0a\x10\x41\x05\x0a\x10\x82\x84\x89\x10\x44\x88\x71\x10\x38\x70\x00\xe0",
];

const BODY_SIDE_WALKING_FILL_FRAMES: &[&[u8]] = &[
    b"\x00\x01\xfc\x00\x00\x07\xff\xc0\x00\xff\xff\xc0\x03\xff\xff\xc0\x0f\xff\xff\xc0\x3f\xff\xff\xc0\x7f\xff\xff\xc0\x1f\xff\xff\xc0\x0f\xff\xff\xe0\x0f\xff\xff\xf0\x0f\xff\xff\xf0\x0f\xff\xff\xf0\x1f\xff\xff\xf0\x1f\xfe\xff\xf0\x1f\xfc\xff\xf0\x3f\xfc\x7f\xf0\x3f\xfe\x7d\xf0\x7f\x7e\xfd\xf8\xfe\x7e\xf9\xf8\xfc\x3e\xf8\xf8\x78\x1c\x70\x70",
    b"\x00\x01\xf8\x00\x00\x0f\xff\xc0\x00\xff\xff\xc0\x03\xff\xff\xc0\x0f\xff\xff\xc0\x3f\xff\xff\xc0\x7f\xff\xff\xc0\x1f\xff\xff\xc0\x0f\xff\xff\xe0\x0f\xff\xff\xf0\x0f\xff\xff\xf0\x0f\xff\xff\xf0\x0f\xff\xff\xf0\x1f\xfc\xff\xf0\x1f\xf8\xff\xf0\x1f\xf8\x7f\xe0\x1f\xfc\x7f\xf0\x3f\xfc\x7f\xf8\x3f\xf8\xfd\xf0\x3f\x30\xfc\x60\x1e\x00\x78\x00",
    b"\x00\x01\xf8\x00\x00\x1f\xff\xc0\x00\xff\xff\xc0\x03\xff\xff\xc0\x0f\xff\xff\xc0\x3f\xff\xff\xc0\x7f\xff\xff\xc0\x1f\xff\xff\xc0\x0f\xff\xff\xe0\x0f\xff\xff\xf0\x0f\xff\xff\xf0\x0f\xff\xff\xf0\x0f\xff\xff\xf0\x0f\xfc\xff\xe0\x0f\xf8\xff\xe0\x0f\xf8\x7f\xe0\x0f\xf8\x7f\xf0\x07\xf0\x3f\xf0\x07\xe0\x3f\x60\x07\xe0\x3e\x00\x03\xc0\x1c\x00",
    b"\x00\x01\xf8\x00\x00\x0f\xff\xc0\x00\xff\xff\xc0\x03\xff\xff\xc0\x0f\xff\xff\xc0\x3f\xff\xff\xc0\x7f\xff\xff\xc0\x1f\xff\xff\xc0\x0f\xff\xff\xe0\x0f\xff\xff\xf0\x0f\xff\xff\xf0\x0f\xff\xff\xf0\x0f\xff\xff\xe0\x1f\xfc\xff\xe0\x1f\xfc\xff\xc0\x3f\xf8\x7f\xc0\x7f\xf8\x3f\xe0\x7f\xf8\x1f\xe0\x3d\xf8\x0b\xe0\x18\xf8\x03\xe0\x00\x70\x01\xc0",
    b"\x00\x01\xfc\x00\x00\x07\xff\xc0\x00\xff\xff\xc0\x03\xff\xff\xc0\x0f\xff\xff\xc0\x3f\xff\xff\xc0\x7f\xff\xff\xc0\x1f\xff\xff\xc0\x0f\xff\xff\xe0\x0f\xff\xff\xf0\x0f\xff\xff\xf0\x0f\xff\xff\xf0\x1f\xff\xff\xf0\x1f\xfe\xff\xe0\x1f\xfc\xff\xe0\x3f\xf8\xff\xe0\x3f\xf9\xfb\xf0\x7f\xfd\xfb\xf0\xfe\xfc\xf9\xf0\x7c\xf8\x71\xf0\x38\x70\x00\xe0",
];

pub static BODY_SIDE_WALKING: CharBody = CharBody {
    sprite: Sprite {
        width: 29,
        height: 21,
        frames: BODY_SIDE_WALKING_FRAMES,
        fill_frames: Some(BODY_SIDE_WALKING_FILL_FRAMES),
    },
    anchor_x: 15,
    anchor_y: 21,
    head_x: 7,
    head_y: 6,
    tail_x: 26,
    tail_y: 4,
    speed: 8.0,
    extra_frames: 0,
};

const BODY_SIDE_WITCH_FRAMES: &[&[u8]] = &[
    b"\x00\x00\x00\x30\x00\x00\x00\x1f\xf8\x00\x00\x07\xff\xfc\x00\x00\x03\x3e\x1e\x00\x00\x03\xf8\x0f\x00\x00\x03\xf0\x0f\x00\x00\x03\xb0\x07\x80\x00\x03\x90\x07\x80\x00\x07\x80\x07\xc0\x00\x07\x80\x03\xc0\x00\x0f\x80\x03\xc0\x00\x1f\x80\x03\xc0\x00\x3f\x00\x03\xc0\x00\x7f\x00\x01\xc0\x01\xff\x10\x01\xc0\x07\xfe\x10\x01\x80\x1f\xfe\x30\x07\x80\xff\xff\xcf\xff\x00",
];

const BODY_SIDE_WITCH_FILL_FRAMES: &[&[u8]] = &[
    b"\x00\x00\x00\x30\x00\x00\x00\x1f\xf8\x00\x00\x07\xff\xfc\x00\x00\x03\xff\xfe\x00\x00\x03\xff\xff\x00\x00\x03\xff\xff\x00\x00\x03\xff\xff\x80\x00\x03\xff\xff\x80\x00\x07\xff\xff\xc0\x00\x07\xff\xff\xc0\x00\x0f\xff\xff\xc0\x00\x1f\xff\xff\xc0\x00\x3f\xff\xff\xc0\x00\x7f\xff\xff\xc0\x01\xff\xff\xff\xc0\x07\xff\xff\xff\x80\x1f\xff\xff\xff\x80\xff\xff\xcf\xff\x00",
];

pub static BODY_SIDE_WITCH: CharBody = CharBody {
    sprite: Sprite {
        width: 34,
        height: 18,
        frames: BODY_SIDE_WITCH_FRAMES,
        fill_frames: Some(BODY_SIDE_WITCH_FILL_FRAMES),
    },
    anchor_x: 24,
    anchor_y: 18,
    head_x: 20,
    head_y: 1,
    tail_x: 34,
    tail_y: 12,
    speed: 1.0,
    extra_frames: 0,
};

const EYES_FRONT_ALOOF_FRAMES: &[&[u8]] = &[
    b"\x20\x10\x40\x20\x48\x24\xcc\x66\x30\x18",
    b"\x00\x00\x20\x10\x40\x20\xcc\x66\x30\x18",
    b"\x00\x00\x00\x00\x20\x10\xcc\x66\x30\x18",
    b"\x00\x00\x00\x00\x00\x00\xfc\x7e\x30\x18",
    b"\x00\x00\x00\x00\x20\x10\xcc\x66\x30\x18",
    b"\x00\x00\x20\x10\x40\x20\xcc\x66\x30\x18",
];

pub static EYES_FRONT_ALOOF: CharPart = CharPart {
    sprite: Sprite {
        width: 15,
        height: 5,
        frames: EYES_FRONT_ALOOF_FRAMES,
        fill_frames: None,
    },
    anchor_x: 7,
    anchor_y: 3,
    speed: 6.0,
    extra_frames: 20,
};

const EYES_FRONT_HAPPY_FRAMES: &[&[u8]] = &[
    b"\x78\x3c\x84\x42",
];

pub static EYES_FRONT_HAPPY: CharPart = CharPart {
    sprite: Sprite {
        width: 15,
        height: 2,
        frames: EYES_FRONT_HAPPY_FRAMES,
        fill_frames: None,
    },
    anchor_x: 7,
    anchor_y: 2,
    speed: 1.0,
    extra_frames: 0,
};

const EYES_FRONT_LOOKAROUND_FRAMES: &[&[u8]] = &[
    b"\x00\x02\x00\x02\x05\x00\x05\x05\x00\x05\x05\x80\x1d\x02\x00\x06\x00\x00",
    b"\x00\x04\x00\x04\x0a\x00\x0a\x0a\x00\x0a\x0b\x00\x3a\x04\x00\x0c\x00\x00",
    b"\x00\x00\x00\x08\x08\x00\x14\x14\x00\x14\x14\x00\x74\x17\x00\x18\x0c\x00",
    b"\x10\x00\x00\x28\x10\x00\x28\x28\x00\x68\x28\x00\x10\x2e\x00\x00\x18\x00",
    b"\x20\x00\x00\x50\x20\x00\x50\x50\x00\xd0\x50\x00\x20\x5c\x00\x00\x30\x00",
    b"\x10\x00\x00\x28\x10\x00\x28\x28\x00\x68\x28\x00\x10\x2e\x00\x00\x18\x00",
    b"\x00\x00\x00\x08\x08\x00\x14\x14\x00\x14\x14\x00\x74\x17\x00\x18\x0c\x00",
    b"\x00\x04\x00\x04\x0a\x00\x0a\x0a\x00\x0a\x0b\x00\x3a\x04\x00\x0c\x00\x00",
];

pub static EYES_FRONT_LOOKAROUND: CharPart = CharPart {
    sprite: Sprite {
        width: 17,
        height: 6,
        frames: EYES_FRONT_LOOKAROUND_FRAMES,
        fill_frames: None,
    },
    anchor_x: 9,
    anchor_y: 2,
    speed: 8.0,
    extra_frames: 8,
};

const EYES_FRONT_NEUTRAL_FRAMES: &[&[u8]] = &[
    b"\x4c\x13\x00\xc4\x11\x80\x38\x0e\x00",
    b"\x00\x00\x00\xcc\x13\x80\x38\x0e\x00",
    b"\x00\x00\x00\x00\x00\x00\xfc\x1f\x80",
    b"\x00\x00\x00\xcc\x13\x80\x38\x0e\x00",
];

pub static EYES_FRONT_NEUTRAL: CharPart = CharPart {
    sprite: Sprite {
        width: 17,
        height: 3,
        frames: EYES_FRONT_NEUTRAL_FRAMES,
        fill_frames: None,
    },
    anchor_x: 8,
    anchor_y: 1,
    speed: 5.0,
    extra_frames: 20,
};

const EYES_FRONT_NEUTRAL2_FRAMES: &[&[u8]] = &[
    b"\x60\x03\x00\xe8\x0b\x80\xe4\x19\x80\x38\x0e\x00",
    b"\x00\x00\x00\xe8\x0b\x80\xe4\x19\x80\x38\x0e\x00",
    b"\x00\x00\x00\x00\x00\x00\xec\x1b\x80\x38\x0e\x00",
    b"\x00\x00\x00\x00\x00\x00\x00\x00\x00\xfc\x1f\x80",
    b"\x00\x00\x00\x00\x00\x00\xec\x1b\x80\x38\x0e\x00",
    b"\x00\x00\x00\xe8\x0b\x80\xe4\x19\x80\x38\x0e\x00",
];

pub static EYES_FRONT_NEUTRAL2: CharPart = CharPart {
    sprite: Sprite {
        width: 17,
        height: 4,
        frames: EYES_FRONT_NEUTRAL2_FRAMES,
        fill_frames: None,
    },
    anchor_x: 8,
    anchor_y: 2,
    speed: 5.0,
    extra_frames: 20,
};

const EYES_FRONT_SHOCKED_FRAMES: &[&[u8]] = &[
    b"\x20\x08\x50\x14\x88\x22\xa8\x2a\x88\x22\x50\x14\x20\x08",
    b"\x00\x00\x20\x08\x50\x14\xa8\x2a\x88\x22\x50\x14\x20\x08",
    b"\x00\x00\x00\x00\x20\x08\x50\x14\xa8\x2a\x50\x14\x20\x08",
    b"\x00\x00\x00\x00\x00\x00\x20\x08\xf8\x3e\x50\x14\x20\x08",
    b"\x00\x00\x00\x00\x00\x00\x00\x00\x20\x08\xf8\x3e\x20\x08",
    b"\x00\x00\x00\x00\x00\x00\x00\x00\x00\x00\x00\x00\xf8\x3e",
    b"\x00\x00\x00\x00\x00\x00\x00\x00\x20\x08\xf8\x3e\x20\x08",
    b"\x00\x00\x00\x00\x20\x08\x50\x14\xa8\x2a\x50\x14\x20\x08",
];

pub static EYES_FRONT_SHOCKED: CharPart = CharPart {
    sprite: Sprite {
        width: 15,
        height: 7,
        frames: EYES_FRONT_SHOCKED_FRAMES,
        fill_frames: None,
    },
    anchor_x: 7,
    anchor_y: 4,
    speed: 16.0,
    extra_frames: 40,
};

const EYES_FRONT_YELL_FRAMES: &[&[u8]] = &[
    b"\x00\x00\x00\x00\x00\x00\x00\x00\x88\x22\x70\x1c\x00\x00\x00\x00\x00\x00",
    b"\x00\x00\x00\x00\x00\x00\x08\x20\xf0\x1e\x00\x00\x00\x00\x00\x00\x01\x00",
    b"\x00\x00\x00\x00\x70\x1c\x88\x22\x00\x00\x00\x00\x01\x00\x02\x80\x00\x00",
    b"\x00\x00\x01\x00\x00\x00\x00\x00\x01\x00\x02\x80\x04\x40\x00\x00\x00\x00",
    b"\x01\x00\x00\x00\x00\x00\x01\x00\x02\x80\x04\x40\x04\x40\x05\x40\x03\x80",
    b"\x00\x00\x01\x00\x00\x00\x00\x00\x01\x00\x02\x80\x04\x40\x00\x00\x00\x00",
    b"\x00\x00\x00\x00\x70\x1c\x88\x22\x00\x00\x00\x00\x01\x00\x02\x80\x00\x00",
    b"\x00\x00\x00\x00\x00\x00\x08\x20\xf0\x1e\x00\x00\x00\x00\x00\x00\x01\x00",
];

pub static EYES_FRONT_YELL: CharPart = CharPart {
    sprite: Sprite {
        width: 15,
        height: 9,
        frames: EYES_FRONT_YELL_FRAMES,
        fill_frames: None,
    },
    anchor_x: 8,
    anchor_y: 5,
    speed: 4.0,
    extra_frames: 8,
};

const EYES_LICKING_FRAMES: &[&[u8]] = &[
    b"\x18\x38\x24\x44\x00\x00\x00\x00\x00\x00\x00\x00\x0f\x00\x1f\x00\x1e\x00\x1e\x00\x06\x00",
    b"\x18\x38\x24\x44\x00\x00\x00\x00\x00\x00\x00\x00\x1e\x00\x3e\x00\x3c\x00\x3c\x00\x0c\x00",
    b"\x18\x38\x24\x44\x00\x00\x00\x00\x00\x00\x00\x00\x3c\x00\x7c\x00\x78\x00\x78\x00\x30\x00",
    b"\x18\x38\x24\x44\x00\x00\x00\x00\x00\x00\x00\x00\x3c\x00\x7c\x00\x78\x00\x78\x00\x60\x00",
    b"\x18\x38\x24\x44\x00\x00\x00\x00\x00\x00\x00\x00\x3c\x00\x7c\x00\x78\x00\xe0\x00\x00\x00",
    b"\x18\x38\x24\x44\x00\x00\x00\x00\x00\x00\x00\x00\x3c\x00\x7c\x00\x78\x00\x00\x00\x00\x00",
    b"\x18\x38\x24\x44\x00\x00\x00\x00\x00\x00\x00\x00\x00\x00\x1f\x00\x1e\x00\x00\x00\x00\x00",
    b"\x18\x38\x24\x44\x00\x00\x00\x00\x00\x00\x00\x00\x0e\x00\x1f\x00\x1e\x00\x0c\x00\x00\x00",
];

pub static EYES_LICKING: CharPart = CharPart {
    sprite: Sprite {
        width: 14,
        height: 11,
        frames: EYES_LICKING_FRAMES,
        fill_frames: None,
    },
    anchor_x: 8,
    anchor_y: 0,
    speed: 4.0,
    extra_frames: 0,
};

const EYES_SHUT_FRAMES: &[&[u8]] = &[
    b"\x80\x10\x70\xe0",
];

pub static EYES_SHUT: CharPart = CharPart {
    sprite: Sprite {
        width: 12,
        height: 2,
        frames: EYES_SHUT_FRAMES,
        fill_frames: None,
    },
    anchor_x: 6,
    anchor_y: 1,
    speed: 1.0,
    extra_frames: 0,
};

const EYES_SIDE_ALOOF_FRAMES: &[&[u8]] = &[
    b"\x10\x10\x08\x08\x28\x28\xe8\x68\x10\x10",
    b"\x00\x00\x10\x10\x08\x08\xe8\x68\x10\x10",
    b"\x00\x00\x00\x00\x10\x10\xe8\x68\x10\x10",
    b"\x00\x00\x00\x00\x00\x00\xf8\x78\x10\x10",
    b"\x00\x00\x00\x00\x10\x10\xe8\x68\x10\x10",
    b"\x00\x00\x10\x10\x08\x08\xe8\x68\x10\x10",
];

pub static EYES_SIDE_ALOOF: CharPart = CharPart {
    sprite: Sprite {
        width: 13,
        height: 5,
        frames: EYES_SIDE_ALOOF_FRAMES,
        fill_frames: None,
    },
    anchor_x: 6,
    anchor_y: 2,
    speed: 8.0,
    extra_frames: 30,
};

const EYES_SIDE_ANGRY_FRAMES: &[&[u8]] = &[
    b"\x20\x00\x10\x40\x00\x80\x40\x00\x40\x20\xd0\x60\x61\x78\x00\xe0",
    b"\x20\x00\x10\x40\x00\x80\x00\x00\x40\x00\xd0\x20\x61\x78\x00\xe0",
    b"\x20\x00\x10\x40\x00\x80\x00\x00\x00\x00\xf0\x00\x61\xf8\x00\xe0",
    b"\x20\x00\x10\x40\x00\x80\x00\x00\x00\x00\x00\x00\xf0\x00\x01\xf8",
    b"\x20\x00\x10\x40\x00\x80\x00\x00\x00\x00\xf0\x00\x61\xf8\x00\xe0",
    b"\x20\x00\x10\x40\x00\x80\x00\x00\x40\x00\xd0\x20\x61\x78\x00\xe0",
];

pub static EYES_SIDE_ANGRY: CharPart = CharPart {
    sprite: Sprite {
        width: 13,
        height: 8,
        frames: EYES_SIDE_ANGRY_FRAMES,
        fill_frames: None,
    },
    anchor_x: 6,
    anchor_y: 6,
    speed: 12.0,
    extra_frames: 40,
};

const EYES_SIDE_ANNOYED_FRAMES: &[&[u8]] = &[
    b"\x40\x00\xd0\x40\x61\x78\x00\xe0",
    b"\x00\x00\xd0\x00\x61\x78\x00\xe0",
    b"\x00\x00\x00\x00\xe0\x00\x01\xf0",
    b"\x00\x00\xd0\x00\x61\x78\x00\xe0",
];

pub static EYES_SIDE_ANNOYED: CharPart = CharPart {
    sprite: Sprite {
        width: 13,
        height: 4,
        frames: EYES_SIDE_ANNOYED_FRAMES,
        fill_frames: None,
    },
    anchor_x: 6,
    anchor_y: 2,
    speed: 8.0,
    extra_frames: 40,
};

const EYES_SIDE_DOWN_FRAMES: &[&[u8]] = &[
    b"\x70\xe0\xd1\xb8\x40\x30",
    b"\x00\x00\x70\xe0\xd1\xb8",
    b"\x00\x00\x00\x00\xf1\xf8",
    b"\x00\x00\x70\xe0\xd1\xb8",
];

pub static EYES_SIDE_DOWN: CharPart = CharPart {
    sprite: Sprite {
        width: 13,
        height: 3,
        frames: EYES_SIDE_DOWN_FRAMES,
        fill_frames: None,
    },
    anchor_x: 6,
    anchor_y: 1,
    speed: 8.0,
    extra_frames: 30,
};

const EYES_SIDE_HAPPY_FRAMES: &[&[u8]] = &[
    b"\x70\xf0\x89\x08",
];

pub static EYES_SIDE_HAPPY: CharPart = CharPart {
    sprite: Sprite {
        width: 13,
        height: 2,
        frames: EYES_SIDE_HAPPY_FRAMES,
        fill_frames: None,
    },
    anchor_x: 6,
    anchor_y: 1,
    speed: 1.0,
    extra_frames: 0,
};

const EYES_SIDE_HUGE_FRAMES: &[&[u8]] = &[
    b"\x60\x00\x91\xc0\x92\x20\x92\x20\x92\x20\x62\x20\x01\xc0",
    b"\x00\x00\x60\x00\x91\xc0\x92\x20\x92\x20\x62\x20\x01\xc0",
    b"\x00\x00\x00\x00\x00\x00\x60\x00\x91\xc0\x62\x20\x01\xc0",
    b"\x00\x00\x00\x00\x00\x00\x00\x00\x80\x00\x70\x20\x03\xc0",
    b"\x00\x00\x00\x00\x00\x00\x60\x00\x91\xc0\x62\x20\x01\xc0",
];

pub static EYES_SIDE_HUGE: CharPart = CharPart {
    sprite: Sprite {
        width: 11,
        height: 7,
        frames: EYES_SIDE_HUGE_FRAMES,
        fill_frames: None,
    },
    anchor_x: 6,
    anchor_y: 3,
    speed: 8.0,
    extra_frames: 24,
};

const EYES_SIDE_NEUTRAL_FRAMES: &[&[u8]] = &[
    b"\x50\xa0\xd1\xb8\x60\x70",
    b"\x00\x00\xd1\xb8\x60\x70",
    b"\x00\x00\x00\x00\xf1\xf8",
    b"\x00\x00\xd1\xb8\x60\x70",
];

pub static EYES_SIDE_NEUTRAL: CharPart = CharPart {
    sprite: Sprite {
        width: 13,
        height: 3,
        frames: EYES_SIDE_NEUTRAL_FRAMES,
        fill_frames: None,
    },
    anchor_x: 6,
    anchor_y: 1,
    speed: 5.0,
    extra_frames: 20,
};

const HEAD_BACKSIDE_NEUTRAL_FRAMES: &[&[u8]] = &[
    b"\x00\x80\x80\x00\x00\xc0\xc0\x00\x00\xa0\xa0\x00\x00\x90\x90\x00\x00\x88\x88\x00\x00\x84\x84\x00\x00\x83\xe2\x00\x00\x81\x12\x00\x01\x00\x81\x00\x02\x00\x01\x00\x04\x00\x01\x00\x04\x00\x00\x80\x08\x00\x00\x80\x08\x00\x00\x80\x08\x00\x00\x80\x08\x00\x00\x80\x10\x00\x00\x80\xe0\x00\x01\x00\x20\x00\x01\x00\xe0\x00\x01\x00\x10\x00\x02\x00\x08\x00\x00\x00\x06\x00\x00\x00\x01\xf0\x00\x00",
];

const HEAD_BACKSIDE_NEUTRAL_FILL_FRAMES: &[&[u8]] = &[
    b"\x00\x80\x80\x00\x00\xc0\xc0\x00\x00\xe0\xe0\x00\x00\xf0\xf0\x00\x00\xf8\xf8\x00\x00\xfc\xfc\x00\x00\xff\xfe\x00\x00\xff\xfe\x00\x01\xff\xff\x00\x03\xff\xff\x00\x07\xff\xff\x00\x07\xff\xff\x80\x0f\xff\xff\x80\x0f\xff\xff\x80\x0f\xff\xff\x80\x0f\xff\xff\x80\x1f\xff\xff\x80\xff\xff\xff\x00\x3f\xff\xff\x00\xff\xff\xff\x00\x1f\xff\xfe\x00\x0f\xff\xf8\x00\x07\xff\x80\x00\x01\xf8\x00\x00",
];

pub static HEAD_BACKSIDE_NEUTRAL: CharHead = CharHead {
    sprite: Sprite {
        width: 25,
        height: 24,
        frames: HEAD_BACKSIDE_NEUTRAL_FRAMES,
        fill_frames: Some(HEAD_BACKSIDE_NEUTRAL_FILL_FRAMES),
    },
    anchor_x: 17,
    anchor_y: 23,
    eye_x: 0,
    eye_y: 0,
    speed: 1.0,
    extra_frames: 0,
};

const HEAD_BACK_NEUTRAL_FRAMES: &[&[u8]] = &[
    b"\x20\x00\x00\x80\x50\x00\x01\x40\x48\x00\x02\x40\x44\x00\x04\x40\x42\x00\x08\x40\x41\x00\x10\x40\x40\xff\xe0\x40\x41\x00\x10\x40\x42\x00\x08\x40\x40\x00\x00\x40\x40\x00\x00\x40\x40\x00\x00\x40\x40\x00\x00\x40\x40\x00\x00\x40\x40\x00\x00\x40\x40\x00\x00\x40\x20\x00\x00\x80\x20\x00\x00\x80\x20\x00\x00\x80\x20\x00\x00\x80\xf0\x00\x01\xe0\x08\x00\x02\x00\x7c\x00\x07\xc0\x03\xc0\x78\x00",
];

const HEAD_BACK_NEUTRAL_FILL_FRAMES: &[&[u8]] = &[
    b"\x20\x00\x00\x80\x70\x00\x01\xc0\x78\x00\x03\xc0\x7c\x00\x07\xc0\x7e\x00\x0f\xc0\x7f\x00\x1f\xc0\x7f\xff\xff\xc0\x7f\xff\xff\xc0\x7f\xff\xff\xc0\x7f\xff\xff\xc0\x7f\xff\xff\xc0\x7f\xff\xff\xc0\x7f\xff\xff\xc0\x7f\xff\xff\xc0\x7f\xff\xff\xc0\x7f\xff\xff\xc0\x3f\xff\xff\x80\x3f\xff\xff\x80\x3f\xff\xff\x80\x3f\xff\xff\x80\xff\xff\xff\xe0\x0f\xff\xfe\x00\x7f\xff\xff\xc0\x03\xff\xf8\x00",
];

pub static HEAD_BACK_NEUTRAL: CharHead = CharHead {
    sprite: Sprite {
        width: 27,
        height: 24,
        frames: HEAD_BACK_NEUTRAL_FRAMES,
        fill_frames: Some(HEAD_BACK_NEUTRAL_FILL_FRAMES),
    },
    anchor_x: 13,
    anchor_y: 23,
    eye_x: 0,
    eye_y: 0,
    speed: 1.0,
    extra_frames: 0,
};

const HEAD_FRONT_NEUTRAL_FRAMES: &[&[u8]] = &[
    b"\x40\x00\x01\x00\xa0\x00\x02\x80\x90\x00\x04\x80\x88\x00\x08\x80\xa4\x00\x12\x80\xa2\x00\x22\x80\x91\xff\xc4\x80\x90\x00\x04\x80\x88\x00\x08\x80\x88\x00\x08\x80\xb0\x00\x06\x80\x80\x00\x00\x80\x80\x00\x00\x80\x80\x00\x00\x80\x80\x00\x00\x80\x80\x00\x00\x80\x40\x00\x01\x00\x40\x00\x01\x00\x40\x00\x01\x00\x40\x00\x01\x00\xe0\x00\x03\x80\x10\x00\x04\x00\x78\x00\x0f\x00\x06\x00\x30\x00",
];

const HEAD_FRONT_NEUTRAL_FILL_FRAMES: &[&[u8]] = &[
    b"\x40\x00\x01\x00\xe0\x00\x03\x80\xf0\x00\x07\x80\xf8\x00\x0f\x80\xfc\x00\x1f\x80\xfe\x00\x3f\x80\xff\xff\xff\x80\xff\xff\xff\x80\xff\xff\xff\x80\xff\xff\xff\x80\xff\xff\xff\x80\xff\xff\xff\x80\xff\xff\xff\x80\xff\xff\xff\x80\xff\xff\xff\x80\xff\xff\xff\x80\x7f\xff\xff\x00\x7f\xff\xff\x00\x7f\xff\xff\x00\x7f\xff\xff\x00\xff\xff\xff\x80\x1f\xff\xfc\x00\x7f\xff\xff\x00\x07\xff\xf0\x00",
];

pub static HEAD_FRONT_NEUTRAL: CharHead = CharHead {
    sprite: Sprite {
        width: 25,
        height: 24,
        frames: HEAD_FRONT_NEUTRAL_FRAMES,
        fill_frames: Some(HEAD_FRONT_NEUTRAL_FILL_FRAMES),
    },
    anchor_x: 13,
    anchor_y: 23,
    eye_x: 12,
    eye_y: 17,
    speed: 1.0,
    extra_frames: 0,
};

const HEAD_FRONT_SHOCKED_FRAMES: &[&[u8]] = &[
    b"\x10\x00\x01\x00\x28\x00\x02\x80\x24\x00\x04\x80\x22\x00\x08\x80\x29\x00\x12\x80\x2c\x80\x26\x80\x2a\x40\x4a\x80\x29\x3f\x92\x80\x22\x00\x08\x80\x20\x00\x00\x80\x20\x00\x00\x80\x20\x00\x00\x80\x10\x00\x01\x00\x10\x00\x01\x00\x10\x00\x01\x00\x10\x00\x01\x00\x10\x00\x01\x00\x10\x00\x01\x00\x10\x00\x01\x00\x90\x00\x01\x20\x70\x00\x01\xc0\x18\x00\x03\x00\x04\x00\x04\x00\x1e\x00\x0f\x00\x61\xc0\x70\xc0",
];

const HEAD_FRONT_SHOCKED_FILL_FRAMES: &[&[u8]] = &[
    b"\x10\x00\x01\x00\x38\x00\x03\x80\x3c\x00\x07\x80\x3e\x00\x0f\x80\x3f\x00\x1f\x80\x3f\x80\x3f\x80\x3f\xc0\x7f\x80\x3f\xff\xff\x80\x3f\xff\xff\x80\x3f\xff\xff\x80\x3f\xff\xff\x80\x3f\xff\xff\x80\x1f\xff\xff\x00\x1f\xff\xff\x00\x1f\xff\xff\x00\x1f\xff\xff\x00\x1f\xff\xff\x00\x1f\xff\xff\x00\x1f\xff\xff\x00\x9f\xff\xff\x20\x7f\xff\xff\xc0\x1f\xff\xff\x00\x07\xff\xfc\x00\x1f\xff\xff\x00\x61\xff\xf0\xc0",
];

pub static HEAD_FRONT_SHOCKED: CharHead = CharHead {
    sprite: Sprite {
        width: 27,
        height: 25,
        frames: HEAD_FRONT_SHOCKED_FRAMES,
        fill_frames: Some(HEAD_FRONT_SHOCKED_FILL_FRAMES),
    },
    anchor_x: 14,
    anchor_y: 24,
    eye_x: 13,
    eye_y: 17,
    speed: 1.0,
    extra_frames: 0,
};

const HEAD_FRONT_SQUAT_FRAMES: &[&[u8]] = &[
    b"\x30\x00\x00\x18\x4c\x00\x00\x64\x43\x00\x01\x84\x40\xcf\xe6\x04\x24\x30\x18\x48\x22\x00\x00\x88\x20\x00\x00\x08\x20\x00\x00\x08\x10\x00\x00\x10\x10\x00\x00\x10\x10\x00\x00\x10\x10\x00\x00\x10\x10\x00\x00\x10\x08\x00\x00\x20\x38\x00\x00\x38\xc8\x00\x00\x26\x08\x00\x00\x20\x14\x00\x00\x50\x62\x00\x00\x8c\x01\x80\x03\x00\x00\x70\x1c\x00",
];

const HEAD_FRONT_SQUAT_FILL_FRAMES: &[&[u8]] = &[
    b"\x30\x00\x00\x18\x7c\x00\x00\x7c\x7f\x00\x01\xfc\x7f\xcf\xe7\xfc\x3f\xff\xff\xf8\x3f\xff\xff\xf8\x3f\xff\xff\xf8\x3f\xff\xff\xf8\x1f\xff\xff\xf0\x1f\xff\xff\xf0\x1f\xff\xff\xf0\x1f\xff\xff\xf0\x1f\xff\xff\xf0\x0f\xff\xff\xe0\x3f\xff\xff\xf8\xcf\xff\xff\xe6\x0f\xff\xff\xe0\x17\xff\xff\xd0\x63\xff\xff\x8c\x01\xff\xff\x00\x00\xff\xfe\x00",
];

pub static HEAD_FRONT_SQUAT: CharHead = CharHead {
    sprite: Sprite {
        width: 31,
        height: 21,
        frames: HEAD_FRONT_SQUAT_FRAMES,
        fill_frames: Some(HEAD_FRONT_SQUAT_FILL_FRAMES),
    },
    anchor_x: 16,
    anchor_y: 21,
    eye_x: 16,
    eye_y: 13,
    speed: 1.0,
    extra_frames: 0,
};

const HEAD_LAYING_SIDE_FLOP_FRAMES: &[&[u8]] = &[
    b"\x00\x00\x24\x00\x7f\x48\x07\x80\xf0\x18\x00\x10\x63\x00\x08\x84\x00\x04\x40\x08\x02\x30\x08\x02\x0c\x10\x00\x02\x10\x00\x01\x00\x00\x01\x00\x00\x01\x00\x00\x01\x00\x00\x01\x10\x00\x01\x10\x00\x06\x08\x00\x18\x08\x00\x21\x00\x02\x46\x00\x0c\x80\x00\x70\xff\xff\x80",
];

const HEAD_LAYING_SIDE_FLOP_FILL_FRAMES: &[&[u8]] = &[
    b"\x00\x00\x24\x00\x7f\x48\x07\xff\xf0\x1f\xff\xf0\x7f\xff\xf8\xff\xff\xfc\x7f\xff\xfe\x3f\xff\xfe\x0f\xff\xfe\x03\xff\xfe\x01\xff\xfe\x01\xff\xfe\x01\xff\xfe\x01\xff\xfe\x01\xff\xfe\x01\xff\xfe\x07\xff\xfe\x1f\xff\xfe\x3f\xff\xfe\x7f\xff\xfc\xff\xff\xf0\xff\xff\x80",
];

pub static HEAD_LAYING_SIDE_FLOP: CharHead = CharHead {
    sprite: Sprite {
        width: 23,
        height: 22,
        frames: HEAD_LAYING_SIDE_FLOP_FRAMES,
        fill_frames: Some(HEAD_LAYING_SIDE_FLOP_FILL_FRAMES),
    },
    anchor_x: 23,
    anchor_y: 14,
    eye_x: 0,
    eye_y: 0,
    speed: 1.0,
    extra_frames: 0,
};

const HEAD_SIDE_AIRPLANE_FRAMES: &[&[u8]] = &[
    b"\x00\x00\x60\x00\x00\x03\xa0\x7c\x00\x1c\x4f\x84\x00\x60\x70\x08\x00\x80\x00\x88\x01\x00\x07\x10\x02\x00\x08\x10\x04\x00\x04\x20\x04\x00\x00\x20\x08\x00\x00\x40\x08\x00\x00\x40\x08\x00\x00\x80\x08\x00\x00\x40\x10\x00\x00\x20\x20\x00\x00\x20\x20\x00\x00\x10\xe0\x00\x00\x10\x10\x00\x00\x00\x78\x00\x00\x00\x06\x01\xe0\x00\x03\xfe\x00\x00",
];

const HEAD_SIDE_AIRPLANE_FILL_FRAMES: &[&[u8]] = &[
    b"\x00\x00\x60\x00\x00\x03\xe0\x7c\x00\x1f\xcf\xfc\x00\x7f\xff\xf8\x00\xff\xff\xf8\x01\xff\xff\xf0\x03\xff\xff\xf0\x07\xff\xff\xe0\x07\xff\xff\xe0\x0f\xff\xff\xc0\x0f\xff\xff\xc0\x0f\xff\xff\x80\x0f\xff\xff\xc0\x1f\xff\xff\xe0\x3f\xff\xff\xe0\x3f\xff\xff\xf0\xff\xff\xff\xe0\x1f\xff\xff\x00\x7f\xff\xf8\x00\x07\xff\xe0\x00\x03\xfe\x00\x00",
];

pub static HEAD_SIDE_AIRPLANE: CharHead = CharHead {
    sprite: Sprite {
        width: 30,
        height: 21,
        frames: HEAD_SIDE_AIRPLANE_FRAMES,
        fill_frames: Some(HEAD_SIDE_AIRPLANE_FILL_FRAMES),
    },
    anchor_x: 22,
    anchor_y: 17,
    eye_x: 12,
    eye_y: 13,
    speed: 1.0,
    extra_frames: 0,
};

const HEAD_SIDE_AIRPLANE2_FRAMES: &[&[u8]] = &[
    b"\x00\x00\x60\x00\x00\x03\xa0\x7c\x00\x1c\x4f\x84\x00\x60\x70\x08\x00\x80\x00\x88\x01\x00\x07\x10\x02\x00\x08\x10\x04\x00\x04\x20\x04\x00\x00\x20\x08\x00\x00\x40\x08\x00\x00\x40\x08\x00\x00\x40\x08\x00\x00\x38\x10\x00\x00\x00\x20\x00\x00\x00\x20\x00\x00\x00\xe0\x00\x00\x00\x10\x00\x00\x00\x78\x00\x00\x00\x06\x01\xfc\x00\x03\xfe\x00\x00",
];

const HEAD_SIDE_AIRPLANE2_FILL_FRAMES: &[&[u8]] = &[
    b"\x00\x00\x60\x00\x00\x03\xa0\x7c\x00\x1f\xcf\xfc\x00\x7f\xff\xf8\x00\xff\xff\xf8\x01\xff\xff\xf0\x03\xff\xff\xf0\x07\xff\xff\xe0\x07\xff\xff\xe0\x0f\xff\xff\xc0\x0f\xff\xff\xc0\x0f\xff\xff\xc0\x0f\xff\xff\xf8\x1f\xff\xff\xf0\x3f\xff\xff\xe0\x3f\xff\xff\xc0\xff\xff\xff\x80\x1f\xff\xff\x00\x7f\xff\xfe\x00\x07\xff\xfc\x00\x03\xfe\x00\x00",
];

pub static HEAD_SIDE_AIRPLANE2: CharHead = CharHead {
    sprite: Sprite {
        width: 30,
        height: 21,
        frames: HEAD_SIDE_AIRPLANE2_FRAMES,
        fill_frames: Some(HEAD_SIDE_AIRPLANE2_FILL_FRAMES),
    },
    anchor_x: 21,
    anchor_y: 17,
    eye_x: 12,
    eye_y: 13,
    speed: 1.0,
    extra_frames: 0,
};

const HEAD_SIDE_NEUTRAL_FRAMES: &[&[u8]] = &[
    b"\x02\x02\x00\x03\x03\x00\x02\x82\x80\x02\x42\x40\x02\x22\x20\x02\x12\x90\x02\x0e\x48\x02\x00\x28\x04\x00\x44\x08\x00\x04\x10\x00\x04\x10\x00\x02\x20\x00\x02\x20\x00\x02\x20\x00\x02\x20\x00\x02\x40\x00\x02\x80\x00\x04\x80\x00\x04\x80\x00\x04\x40\x00\x08\x20\x00\x08\x18\x00\x00\x07\x80\x00",
];

const HEAD_SIDE_NEUTRAL_FILL_FRAMES: &[&[u8]] = &[
    b"\x02\x02\x00\x03\x03\x00\x03\x83\x80\x03\xc3\xc0\x03\xe3\xe0\x03\xf3\xf0\x03\xff\xf8\x03\xff\xf8\x07\xff\xfc\x0f\xff\xfc\x1f\xff\xfc\x1f\xff\xfe\x3f\xff\xfe\x3f\xff\xfe\x3f\xff\xfe\x3f\xff\xfe\x7f\xff\xfe\xff\xff\xfc\xff\xff\xfc\xff\xff\xfc\x7f\xff\xf8\x3f\xff\xf8\x1f\xff\xf0\x07\x80\x00",
];

pub static HEAD_SIDE_NEUTRAL: CharHead = CharHead {
    sprite: Sprite {
        width: 23,
        height: 24,
        frames: HEAD_SIDE_NEUTRAL_FRAMES,
        fill_frames: Some(HEAD_SIDE_NEUTRAL_FILL_FRAMES),
    },
    anchor_x: 15,
    anchor_y: 23,
    eye_x: 11,
    eye_y: 15,
    speed: 1.0,
    extra_frames: 0,
};

const HEAD_SIDE_NEUTRAL2_FRAMES: &[&[u8]] = &[
    b"\x00\x40\x00\x00\x00\x60\x00\x00\x00\x50\x00\x00\x00\x48\x00\x00\x00\x84\x00\x7c\x00\x82\x0f\x84\x00\x81\xf0\x08\x00\x80\x00\x08\x01\x00\x01\x90\x02\x00\x0e\x10\x04\x00\x10\x20\x04\x00\x08\x20\x08\x00\x00\x40\x08\x00\x00\x40\x08\x00\x00\x80\x08\x00\x00\x80\x10\x00\x00\x80\x20\x00\x00\x80\xe0\x00\x00\x80\x20\x00\x01\x00\x70\x00\x02\x00\x08\x00\x02\x00\x06\x00\x01\x00\x03\xf8\x00\x00",
];

const HEAD_SIDE_NEUTRAL2_FILL_FRAMES: &[&[u8]] = &[
    b"\x00\x40\x00\x00\x00\x60\x00\x00\x00\x70\x00\x00\x00\x78\x00\x00\x00\xfc\x00\x7c\x00\xfe\x0f\xfc\x00\xff\xff\xf8\x00\xff\xff\xf8\x01\xff\xff\xf0\x03\xff\xff\xf0\x07\xff\xff\xe0\x07\xff\xff\xe0\x0f\xff\xff\xc0\x0f\xff\xff\xc0\x0f\xff\xff\x80\x0f\xff\xff\x80\x1f\xff\xff\x80\x3f\xff\xff\x80\xff\xff\xff\x80\x3f\xff\xff\x00\x7f\xff\xfe\x00\x0f\xff\xfe\x00\x07\xff\xff\x00\x03\xf8\x00\x00",
];

pub static HEAD_SIDE_NEUTRAL2: CharHead = CharHead {
    sprite: Sprite {
        width: 30,
        height: 24,
        frames: HEAD_SIDE_NEUTRAL2_FRAMES,
        fill_frames: Some(HEAD_SIDE_NEUTRAL2_FILL_FRAMES),
    },
    anchor_x: 19,
    anchor_y: 23,
    eye_x: 12,
    eye_y: 16,
    speed: 1.0,
    extra_frames: 0,
};

const HEAD_SIDE_NOM_FRAMES: &[&[u8]] = &[
    b"\x00\x40\x00\x00\x00\x60\x00\x00\x00\x50\x00\x00\x00\x48\x00\x00\x00\x84\x00\x7c\x00\x82\x0f\x84\x00\x81\xf0\x08\x00\x80\x00\x08\x01\x00\x01\x90\x02\x00\x0e\x10\x04\x00\x10\x20\x04\x00\x08\x20\x08\x00\x00\x40\x08\x00\x00\x40\x08\x00\x00\x80\x08\x00\x00\x80\x10\x00\x00\x80\x20\x00\x00\x80\xe0\x00\x00\x80\x20\x00\x01\x00\x70\x00\x02\x00\x08\x00\x02\x00\x06\x00\x01\x00\x01\xf8\x00\x00",
    b"\x00\x40\x00\x00\x00\x60\x00\x00\x00\x50\x00\x00\x00\x48\x00\x00\x00\x84\x00\x7c\x00\x82\x0f\x84\x00\x81\xf0\x08\x00\x80\x00\x08\x01\x00\x01\x90\x02\x00\x0e\x10\x04\x00\x10\x20\x04\x00\x08\x20\x08\x00\x00\x40\x08\x00\x00\x40\x08\x00\x00\x80\x08\x00\x00\x80\x10\x00\x00\x80\x20\x00\x00\x80\xe0\x00\x00\x80\x20\x00\x01\x00\x73\x00\x02\x00\x0c\x80\x02\x00\x00\x80\x01\x00\x01\xf8\x00\x00",
];

const HEAD_SIDE_NOM_FILL_FRAMES: &[&[u8]] = &[
    b"\x00\x40\x00\x00\x00\x60\x00\x00\x00\x70\x00\x00\x00\x78\x00\x00\x00\xfc\x00\x7c\x00\xfe\x0f\xfc\x00\xff\xff\xf8\x00\xff\xff\xf8\x01\xff\xff\xf0\x03\xff\xff\xf0\x07\xff\xff\xe0\x07\xff\xff\xe0\x0f\xff\xff\xc0\x0f\xff\xff\xc0\x0f\xff\xff\x80\x0f\xff\xff\x80\x1f\xff\xff\x80\x3f\xff\xff\x80\xff\xff\xff\x80\x3f\xff\xff\x00\x7f\xff\xfe\x00\x0f\xff\xfe\x00\x07\xff\xff\x00\x03\xf8\x00\x00",
    b"\x00\x40\x00\x00\x00\x60\x00\x00\x00\x70\x00\x00\x00\x78\x00\x00\x00\xfc\x00\x7c\x00\xfe\x0f\xfc\x00\xff\xff\xf8\x00\xff\xff\xf8\x01\xff\xff\xf0\x03\xff\xff\xf0\x07\xff\xff\xe0\x07\xff\xff\xe0\x0f\xff\xff\xc0\x0f\xff\xff\xc0\x0f\xff\xff\x80\x0f\xff\xff\x80\x1f\xff\xff\x80\x3f\xff\xff\x80\xff\xff\xff\x80\x3f\xff\xff\x00\x7f\xff\xfe\x00\x0f\xff\xfe\x00\x07\xff\xff\x00\x03\xf8\x00\x00",
];

pub static HEAD_SIDE_NOM: CharHead = CharHead {
    sprite: Sprite {
        width: 30,
        height: 24,
        frames: HEAD_SIDE_NOM_FRAMES,
        fill_frames: Some(HEAD_SIDE_NOM_FILL_FRAMES),
    },
    anchor_x: 19,
    anchor_y: 23,
    eye_x: 12,
    eye_y: 16,
    speed: 4.0,
    extra_frames: 0,
};

const HEAD_SIDE_SLEEP1_FRAMES: &[&[u8]] = &[
    b"\x01\x00\x00\x02\x00\x02\xc0\x00\x0d\x00\x02\x30\x00\x31\x00\x02\x08\x00\x41\x00\x02\x06\x79\x81\x00\x01\x01\x86\x02\x00\x01\x00\x00\x02\x00\x00\x80\x00\x02\x00\x00\x80\x00\x02\x00\x00\x80\x00\x00\x00\x00\x40\x00\x00\x00\x00\x40\x00\x00\x00\x04\x40\x00\x00\x00\x03\x40\x00\x00\x00\x00\x80\x00\x00\x00\x04\x80\x00\x00\x00\x3f\x80\x00\x07\x00\x41\x00\x00\x08\x80\x81\x00\x00\x10\x40\x80\x80\x00\x10\x40\xff\x7f\xff\xef\x80",
];

const HEAD_SIDE_SLEEP1_FILL_FRAMES: &[&[u8]] = &[
    b"\x01\x00\x00\x02\x00\x03\xc0\x00\x0f\x00\x03\xf0\x00\x3f\x00\x03\xf8\x00\x7f\x00\x03\xfe\x79\xff\x00\x01\xff\xff\xfe\x00\x01\xff\xff\xfe\x00\x00\xff\xff\xfe\x00\x00\xff\xff\xfe\x00\x00\xff\xff\xfe\x00\x00\x7f\xff\xfe\x00\x00\x7f\xff\xfe\x00\x04\x7f\xff\xfe\x00\x03\x7f\xff\xfe\x00\x00\xff\xff\xfe\x00\x04\xff\xff\xfe\x00\x3f\xff\xff\xff\x00\x7f\xff\xff\xff\x80\xff\xff\xff\xff\xc0\xff\xff\xff\xff\xc0\xff\x7f\xff\xef\x80",
];

pub static HEAD_SIDE_SLEEP1: CharHead = CharHead {
    sprite: Sprite {
        width: 34,
        height: 21,
        frames: HEAD_SIDE_SLEEP1_FRAMES,
        fill_frames: Some(HEAD_SIDE_SLEEP1_FILL_FRAMES),
    },
    anchor_x: 28,
    anchor_y: 9,
    eye_x: 19,
    eye_y: 15,
    speed: 1.0,
    extra_frames: 0,
};

const HEAD_SIDE_SLEEP2_FRAMES: &[&[u8]] = &[
    b"\x00\x00\x00\x08\x00\x00\x00\x34\x78\x00\x00\xc4\x87\x00\x01\x04\x40\xe0\x02\x04\x48\x1c\x0c\x08\x24\x03\xf0\x48\x22\x00\x00\x88\x20\x00\x00\x08\x10\x00\x00\x08\x10\x00\x00\x08\x10\x00\x00\x10\x08\x00\x00\x10\x08\x00\x00\x20\x88\x00\x00\x20\x68\x00\x00\x00\x10\x00\x00\x00\xf0\x00\x00\x00\x0c\x00\x0e\x00\x13\x00\x11\x00\x10\x80\x20\x80\x10\x40\x20\x80\x08\x7f\xe1\x40\x07\x80\x1e\x00",
];

const HEAD_SIDE_SLEEP2_FILL_FRAMES: &[&[u8]] = &[
    b"\x00\x00\x00\x08\x00\x00\x00\x3c\x78\x00\x00\xfc\xff\x00\x01\xfc\x7f\xe0\x03\xfc\x7f\xfc\x0f\xf8\x3f\xff\xff\xf8\x3f\xff\xff\xf8\x3f\xff\xff\xf8\x1f\xff\xff\xf8\x1f\xff\xff\xf8\x1f\xff\xff\xf0\x0f\xff\xff\xf0\x0f\xff\xff\xe0\x8f\xff\xff\xe0\x6f\xff\xff\xc0\x1f\xff\xff\xc0\xff\xff\xff\x80\x0f\xff\xff\x80\x1f\xff\xff\x00\x1f\xff\xff\x80\x1f\xff\xff\x80\x0f\xff\xff\x40\x07\x80\x1e\x00",
];

pub static HEAD_SIDE_SLEEP2: CharHead = CharHead {
    sprite: Sprite {
        width: 30,
        height: 24,
        frames: HEAD_SIDE_SLEEP2_FRAMES,
        fill_frames: Some(HEAD_SIDE_SLEEP2_FILL_FRAMES),
    },
    anchor_x: 25,
    anchor_y: 10,
    eye_x: 14,
    eye_y: 16,
    speed: 1.0,
    extra_frames: 0,
};

const HEAD_SIDE_SLEEP3_FRAMES: &[&[u8]] = &[
    b"\x40\x00\x00\x40\xb0\x00\x01\xa0\x8c\x00\x06\x20\x82\x3f\x08\xa0\x91\xc0\xf1\x20\x48\x00\x01\x20\x48\x00\x01\x20\x48\x00\x00\x20\x40\x00\x00\x20\x20\x00\x00\x20\x20\x00\x00\x40\x20\x00\x00\x00\x20\x00\x00\x00\x20\x00\x00\x00\x20\x00\x00\x00\x20\x00\x02\x00\x58\x00\x0c\x00\x47\x80\x70\x20\x40\x73\x80\x20\x40\x0c\x00\x40\x30\x08\x01\x80\x0f\xff\xfe\x00",
];

const HEAD_SIDE_SLEEP3_FILL_FRAMES: &[&[u8]] = &[
    b"\x40\x00\x00\x40\xf0\x00\x01\xe0\xfc\x00\x07\xe0\xfe\x3f\x0f\xe0\xff\xff\xff\xe0\x7f\xff\xff\xe0\x7f\xff\xff\xe0\x7f\xff\xff\xe0\x7f\xff\xff\xe0\x3f\xff\xff\xe0\x3f\xff\xff\xe0\x3f\xff\xff\xe0\x3f\xff\xff\xe0\x3f\xff\xff\xe0\x3f\xff\xff\xe0\x3f\xff\xff\xe0\x7f\xff\xff\xe0\x7f\xff\xff\xe0\x7f\xff\xff\xe0\x7f\xff\xff\xc0\x3f\xff\xff\x80\x0f\xff\xfe\x00",
];

pub static HEAD_SIDE_SLEEP3: CharHead = CharHead {
    sprite: Sprite {
        width: 27,
        height: 22,
        frames: HEAD_SIDE_SLEEP3_FRAMES,
        fill_frames: Some(HEAD_SIDE_SLEEP3_FILL_FRAMES),
    },
    anchor_x: 24,
    anchor_y: 10,
    eye_x: 13,
    eye_y: 14,
    speed: 1.0,
    extra_frames: 0,
};

const HEAD_SIDE_WITCH_FRAMES: &[&[u8]] = &[
    b"\x00\x00\x7f\xf0\x00\x00\x01\xff\xf8\x00\x00\x07\xff\xfc\x00\x00\x0f\xff\xfe\x00\x00\x1f\xff\xfe\x00\x00\x1f\xff\xc2\x00\x00\x3f\xff\xc0\x00\x00\x28\x40\x40\x00\x00\x4b\x40\x20\x00\x00\x4b\x40\x20\x00\x00\x48\x40\x20\x00\x00\x7f\xff\xe0\x00\xff\xff\xff\xff\xf0\x7f\xe0\x00\x7f\xe0\x3f\xc0\x00\x3f\x80\x40\x00\x00\x00\x40\x20\x00\x00\x00\x80\x10\x00\x00\x01\x00\x08\x00\x00\x02\x00\x05\x00\x00\x04\x00\x03\x00\x00\x18\x00\x02\x00\x00\x10\x00\x04\x00\x00\x20\x00\x04\x00\x00\x20\x00\x04\x00\x00\x20\x00\x02\x00\x00\x40\x00\x01\x00\x00\x40\x00\x00\xc0\x00\x40\x00\x00\x3c\x00\x00\x00",
];

const HEAD_SIDE_WITCH_FILL_FRAMES: &[&[u8]] = &[
    b"\x00\x00\x7f\xf0\x00\x00\x01\xff\xf8\x00\x00\x07\xff\xfc\x00\x00\x0f\xff\xfe\x00\x00\x1f\xff\xfe\x00\x00\x1f\xff\xc2\x00\x00\x3f\xff\xc0\x00\x00\x3f\xff\xc0\x00\x00\x7f\xff\xe0\x00\x00\x7f\xff\xe0\x00\x00\x7f\xff\xe0\x00\x00\x7f\xff\xe0\x00\xff\xff\xff\xff\xf0\x7f\xff\xff\xff\xe0\x3f\xff\xff\xff\x80\x7f\xff\xff\xff\xc0\x3f\xff\xff\xff\x80\x1f\xff\xff\xff\x00\x0f\xff\xff\xfe\x00\x07\xff\xff\xfc\x00\x03\xff\xff\xf8\x00\x03\xff\xff\xf0\x00\x07\xff\xff\xe0\x00\x07\xff\xff\xe0\x00\x07\xff\xff\xe0\x00\x03\xff\xff\xc0\x00\x01\xff\xff\xc0\x00\x00\xff\xff\xc0\x00\x00\x3f\xc0\x00\x00",
];

pub static HEAD_SIDE_WITCH: CharHead = CharHead {
    sprite: Sprite {
        width: 36,
        height: 29,
        frames: HEAD_SIDE_WITCH_FRAMES,
        fill_frames: Some(HEAD_SIDE_WITCH_FILL_FRAMES),
    },
    anchor_x: 19,
    anchor_y: 28,
    eye_x: 15,
    eye_y: 22,
    speed: 1.0,
    extra_frames: 0,
};

const TAIL_ANNOYED_FRAMES: &[&[u8]] = &[
    b"\xe0\x00\x00\x1f\x00\x00\x00\xe0\x00\xc0\x18\x00\x3f\x07\x00\x00\xe0\xc0\x00\x1e\x20\x00\x01\xc0",
    b"\xe0\x00\x00\x1f\x00\x00\x00\xe0\x00\xc0\x18\x00\x3f\x07\x80\x00\xe0\x40\x00\x1f\x20\x00\x00\xc0",
    b"\xe0\x00\x00\x1f\x00\x00\x00\xf8\x00\xc0\x07\x00\x3f\x00\xc0\x00\xfe\x20\x00\x01\xc0\x00\x00\x00",
    b"\xe0\x00\x00\x1f\x00\x00\x00\xfc\x00\xc0\x03\xc0\x3f\x00\x20\x00\xff\xc0\x00\x00\x00\x00\x00\x00",
    b"\xe0\x00\x00\x1f\x00\x00\x00\xf0\x00\xc0\x0f\xc0\x3f\x00\x20\x00\xe3\xc0\x00\x1c\x00\x00\x00\x00",
    b"\xe0\x00\x00\x1f\x00\x00\x00\xe0\x00\xc0\x1c\x00\x3f\x03\xc0\x00\xe0\x20\x00\x1f\xc0\x00\x00\x00",
];

const TAIL_ANNOYED_FILL_FRAMES: &[&[u8]] = &[
    b"\xe0\x00\x00\xff\x00\x00\xff\xe0\x00\xff\xf8\x00\x3f\xff\x00\x00\xff\xc0\x00\x1f\xe0\x00\x01\xc0",
    b"\xe0\x00\x00\xff\x00\x00\xff\xe0\x00\xff\xf8\x00\x3f\xff\x80\x00\xff\xc0\x00\x1f\xe0\x00\x00\xc0",
    b"\xe0\x00\x00\xff\x00\x00\xff\xf8\x00\xff\xff\x00\x3f\xff\xc0\x00\xff\xe0\x00\x01\xc0\x00\x00\x00",
    b"\xe0\x00\x00\xff\x00\x00\xff\xfc\x00\xff\xff\xc0\x3f\xff\xe0\x00\xff\xc0\x00\x00\x00\x00\x00\x00",
    b"\xe0\x00\x00\xff\x00\x00\xff\xf0\x00\xff\xff\xc0\x3f\xff\xe0\x00\xff\xc0\x00\x1c\x00\x00\x00\x00",
    b"\xe0\x00\x00\xff\x00\x00\xff\xe0\x00\xff\xfc\x00\x3f\xff\xc0\x00\xff\xe0\x00\x1f\xc0\x00\x00\x00",
];

pub static TAIL_ANNOYED: CharPart = CharPart {
    sprite: Sprite {
        width: 19,
        height: 8,
        frames: TAIL_ANNOYED_FRAMES,
        fill_frames: Some(TAIL_ANNOYED_FILL_FRAMES),
    },
    anchor_x: 1,
    anchor_y: 2,
    speed: 12.0,
    extra_frames: 12,
};

const TAIL_NEUTRAL_FRAMES: &[&[u8]] = &[
    b"\x00\x00\x00\x00\x00\x00\x00\x00\x00\x00\x78\x00\x86\x00\x71\x00\x08\x80\x04\x40\x02\x20\x01\x20\x01\x20\x01\x20\x01\x20\x06\x20\x38\x40\x00\x80\x01\x00\x06\x00\x38\x00",
    b"\x00\x00\x00\x00\x00\x00\x00\x00\x00\x00\x3c\x00\x43\x00\x38\x80\x04\x40\x02\x20\x01\x10\x00\x90\x00\x90\x00\x90\x01\x20\x06\x20\x38\x40\x00\x80\x01\x00\x06\x00\x38\x00",
    b"\x00\x00\x00\x00\x00\x00\x00\x00\x00\x00\x1e\x00\x21\x80\x1c\x40\x02\x20\x01\x10\x00\x88\x00\x48\x00\x48\x00\x48\x00\x90\x07\x10\x38\x20\x00\x40\x01\x80\x06\x00\x38\x00",
    b"\x00\x00\x00\x00\x00\x00\x00\x00\x00\x00\x07\x00\x08\xc0\x06\x20\x01\x10\x00\x88\x00\x44\x00\x24\x00\x24\x00\x44\x00\x88\x07\x10\x38\x20\x00\x40\x01\x80\x06\x00\x38\x00",
    b"\x00\x00\x00\x00\x00\x00\x00\x00\x00\x00\x01\xc0\x02\x20\x01\x10\x00\x88\x00\x44\x00\x24\x00\x24\x00\x24\x00\x44\x00\x88\x07\x10\x38\x20\x00\x40\x01\x80\x06\x00\x38\x00",
    b"\x00\x00\x00\x00\x00\x00\x00\x00\x00\xc0\x01\x20\x00\x90\x00\x90\x00\x48\x00\x48\x00\x48\x00\x48\x00\x48\x00\x48\x00\x88\x07\x10\x38\x20\x00\x40\x01\x80\x06\x00\x38\x00",
    b"\x00\x00\x00\x00\x00\x40\x00\xa0\x00\xa0\x00\xa0\x00\x90\x00\x90\x00\x48\x00\x48\x00\x48\x00\x48\x00\x48\x00\x88\x00\x90\x07\x10\x38\x20\x00\x40\x01\x80\x06\x00\x38\x00",
    b"\x00\x00\x00\x00\x00\x10\x00\x28\x00\x28\x00\x48\x00\x48\x00\x48\x00\x48\x00\x48\x00\x48\x00\x48\x00\x88\x00\x88\x01\x10\x06\x10\x38\x20\x00\x40\x01\x80\x06\x00\x38\x00",
    b"\x00\x00\x00\x00\x00\x18\x00\x24\x00\x28\x00\x48\x00\x48\x00\x48\x00\x48\x00\x50\x00\x90\x00\x90\x00\x90\x01\x10\x02\x10\x04\x20\x38\x40\x00\x80\x01\x00\x06\x00\x38\x00",
    b"\x00\x00\x00\x00\x00\x00\x00\x1c\x00\x22\x00\x44\x00\x48\x00\x90\x00\x90\x00\x90\x00\x90\x01\x20\x01\x20\x01\x20\x02\x20\x04\x20\x38\x40\x00\x80\x01\x00\x06\x00\x38\x00",
    b"\x00\x00\x00\x00\x00\x00\x00\x38\x00\x44\x00\x88\x00\x90\x01\x20\x01\x20\x01\x20\x01\x20\x01\x20\x02\x20\x02\x40\x02\x40\x04\x40\x38\x80\x01\x00\x02\x00\x04\x00\x38\x00",
    b"\x00\x00\x00\x00\x00\x00\x00\x38\x00\x44\x00\x88\x01\x10\x01\x20\x01\x20\x01\x20\x01\x20\x01\x20\x02\x20\x02\x40\x02\x40\x04\x40\x38\x80\x01\x00\x02\x00\x04\x00\x38\x00",
    b"\x00\x00\x00\x00\x00\x10\x00\x68\x00\x88\x01\x10\x01\x20\x01\x20\x01\x20\x01\x20\x01\x20\x02\x20\x02\x20\x02\x40\x02\x40\x04\x40\x38\x80\x01\x00\x02\x00\x04\x00\x38\x00",
    b"\x00\x40\x00\xa0\x01\x20\x01\x20\x01\x20\x01\x20\x01\x20\x01\x20\x01\x20\x01\x20\x01\x20\x02\x40\x02\x40\x02\x40\x02\x40\x04\x80\x38\x80\x01\x00\x02\x00\x04\x00\x38\x00",
    b"\x00\x00\x0e\x00\x11\x00\x08\x80\x04\x40\x04\x40\x02\x20\x01\x20\x01\x20\x01\x20\x01\x20\x01\x20\x01\x20\x02\x20\x02\x40\x04\x40\x38\x80\x01\x00\x02\x00\x04\x00\x38\x00",
    b"\x00\x00\x00\x00\x00\x00\x00\x00\x3c\x00\x42\x00\x31\x00\x08\x80\x04\x40\x02\x20\x01\x20\x01\x20\x01\x20\x01\x20\x01\x20\x06\x20\x38\x40\x00\x80\x01\x00\x06\x00\x38\x00",
];

const TAIL_NEUTRAL_FILL_FRAMES: &[&[u8]] = &[
    b"\x00\x00\x00\x00\x00\x00\x00\x00\x00\x00\x78\x00\xfe\x00\x7f\x00\x0f\x80\x07\xc0\x03\xe0\x01\xe0\x01\xe0\x01\xe0\x01\xe0\x07\xe0\x3f\xc0\x3f\x80\x3f\x00\x3e\x00\x38\x00",
    b"\x00\x00\x00\x00\x00\x00\x00\x00\x00\x00\x3c\x00\x7f\x00\x3f\x80\x07\xc0\x03\xe0\x01\xf0\x00\xf0\x00\xf0\x00\xf0\x01\xe0\x07\xe0\x3f\xc0\x3f\x80\x3f\x00\x3e\x00\x38\x00",
    b"\x00\x00\x00\x00\x00\x00\x00\x00\x00\x00\x1e\x00\x3f\x80\x1f\xc0\x03\xe0\x01\xf0\x00\xf8\x00\x78\x00\x78\x00\x78\x00\xf0\x07\xf0\x3f\xe0\x3f\xc0\x3f\x80\x3e\x00\x38\x00",
    b"\x00\x00\x00\x00\x00\x00\x00\x00\x00\x00\x07\x00\x0f\xc0\x07\xe0\x01\xf0\x00\xf8\x00\x7c\x00\x3c\x00\x3c\x00\x7c\x00\xf8\x07\xf0\x3f\xe0\x3f\xc0\x3f\x80\x3e\x00\x38\x00",
    b"\x00\x00\x00\x00\x00\x00\x00\x00\x00\x00\x01\xc0\x03\xe0\x01\xf0\x00\xf8\x00\x7c\x00\x3c\x00\x3c\x00\x3c\x00\x7c\x00\xf8\x07\xf0\x3f\xe0\x3f\xc0\x3f\x80\x3e\x00\x38\x00",
    b"\x00\x00\x00\x00\x00\x00\x00\x00\x00\xc0\x01\xe0\x00\xf0\x00\xf0\x00\x78\x00\x78\x00\x78\x00\x78\x00\x78\x00\x78\x00\xf8\x07\xf0\x3f\xe0\x3f\xc0\x3f\x80\x3e\x00\x38\x00",
    b"\x00\x00\x00\x00\x00\x40\x00\xe0\x00\xe0\x00\xe0\x00\xf0\x00\xf0\x00\x78\x00\x78\x00\x78\x00\x78\x00\x78\x00\xf8\x00\xf0\x07\xf0\x3f\xe0\x3f\xc0\x3f\x80\x3e\x00\x38\x00",
    b"\x00\x00\x00\x00\x00\x10\x00\x38\x00\x38\x00\x78\x00\x78\x00\x78\x00\x78\x00\x78\x00\x78\x00\x78\x00\xf8\x00\xf8\x01\xf0\x07\xf0\x3f\xe0\x3f\xc0\x3f\x80\x3e\x00\x38\x00",
    b"\x00\x00\x00\x00\x00\x18\x00\x3c\x00\x38\x00\x78\x00\x78\x00\x78\x00\x78\x00\x70\x00\xf0\x00\xf0\x00\xf0\x01\xf0\x03\xf0\x07\xe0\x3f\xc0\x3f\x80\x3f\x00\x3e\x00\x38\x00",
    b"\x00\x00\x00\x00\x00\x00\x00\x1c\x00\x3e\x00\x7c\x00\x78\x00\xf0\x00\xf0\x00\xf0\x00\xf0\x01\xe0\x01\xe0\x01\xe0\x03\xe0\x07\xe0\x3f\xc0\x3f\x80\x3f\x00\x3e\x00\x38\x00",
    b"\x00\x00\x00\x00\x00\x00\x00\x38\x00\x7c\x00\xf8\x00\xf0\x01\xe0\x01\xe0\x01\xe0\x01\xe0\x01\xe0\x03\xe0\x03\xc0\x03\xc0\x07\xc0\x3f\x80\x3f\x00\x3e\x00\x3c\x00\x38\x00",
    b"\x00\x00\x00\x00\x00\x00\x00\x38\x00\x7c\x00\xf8\x01\xf0\x01\xe0\x01\xe0\x01\xe0\x01\xe0\x01\xe0\x03\xe0\x03\xc0\x03\xc0\x07\xc0\x3f\x80\x3f\x00\x3e\x00\x3c\x00\x38\x00",
    b"\x00\x00\x00\x00\x00\x10\x00\x78\x00\xf8\x01\xf0\x01\xe0\x01\xe0\x01\xe0\x01\xe0\x01\xe0\x03\xe0\x03\xe0\x03\xc0\x03\xc0\x07\xc0\x3f\x80\x3f\x00\x3e\x00\x3c\x00\x38\x00",
    b"\x00\x40\x00\xe0\x01\xe0\x01\xe0\x01\xe0\x01\xe0\x01\xe0\x01\xe0\x01\xe0\x01\xe0\x01\xe0\x03\xc0\x03\xc0\x03\xc0\x03\xc0\x07\x80\x3f\x80\x3f\x00\x3e\x00\x3c\x00\x38\x00",
    b"\x00\x00\x0e\x00\x1f\x00\x0f\x80\x07\xc0\x07\xc0\x03\xe0\x01\xe0\x01\xe0\x01\xe0\x01\xe0\x01\xe0\x01\xe0\x03\xe0\x03\xc0\x07\xc0\x3f\x80\x3f\x00\x3e\x00\x3c\x00\x38\x00",
    b"\x00\x00\x00\x00\x00\x00\x00\x00\x3c\x00\x7e\x00\x3f\x00\x0f\x80\x07\xc0\x03\xe0\x01\xe0\x01\xe0\x01\xe0\x01\xe0\x01\xe0\x07\xe0\x3f\xc0\x3f\x80\x3f\x00\x3e\x00\x38\x00",
];

pub static TAIL_NEUTRAL: CharPart = CharPart {
    sprite: Sprite {
        width: 15,
        height: 21,
        frames: TAIL_NEUTRAL_FRAMES,
        fill_frames: Some(TAIL_NEUTRAL_FILL_FRAMES),
    },
    anchor_x: 3,
    anchor_y: 18,
    speed: 4.0,
    extra_frames: 0,
};

const TAIL_NEUTRAL2_FRAMES: &[&[u8]] = &[
    b"\x00\x00\x00\x00\x70\x00\x88\x00\x64\x00\x12\x00\x09\x00\x09\x00\x04\x80\x04\x80\x02\x40\x02\x40\x02\x40\x02\x40\x02\x40\x02\x40\x02\x40\x00\x40\x00\x40\x00\x80\x00\x80\x01\x00\x02\x00",
    b"\x00\x00\x00\x00\x38\x00\x44\x00\x32\x00\x09\x00\x04\x80\x04\x80\x02\x40\x02\x40\x01\x20\x01\x20\x01\x20\x01\x20\x01\x20\x02\x40\x02\x40\x00\x40\x00\x40\x00\x80\x00\x80\x01\x00\x02\x00",
    b"\x00\x00\x00\x00\x0e\x00\x11\x00\x0c\x80\x02\x40\x01\x20\x01\x20\x00\x90\x00\x90\x00\x90\x00\x90\x01\x20\x01\x20\x01\x20\x02\x40\x02\x40\x00\x40\x00\x40\x00\x80\x00\x80\x01\x00\x02\x00",
    b"\x00\x00\x03\x00\x04\x80\x02\x40\x02\x20\x01\x10\x00\x90\x00\x90\x00\x90\x00\x90\x00\x90\x00\x90\x01\x20\x01\x20\x01\x20\x02\x40\x02\x40\x00\x40\x00\x40\x00\x80\x00\x80\x01\x00\x02\x00",
    b"\x00\x60\x00\x90\x00\x90\x00\x90\x00\x90\x00\x48\x00\x48\x00\x48\x00\x90\x00\x90\x00\x90\x00\x90\x01\x20\x01\x20\x01\x20\x02\x40\x02\x40\x00\x40\x00\x40\x00\x80\x00\x80\x01\x00\x02\x00",
    b"\x00\x30\x00\x48\x00\x48\x00\x48\x00\x48\x00\x48\x00\x48\x00\x48\x00\x90\x00\x90\x00\x90\x00\x90\x01\x20\x01\x20\x01\x20\x02\x40\x02\x40\x00\x40\x00\x40\x00\x80\x00\x80\x01\x00\x02\x00",
    b"\x00\x30\x00\x48\x00\x48\x00\x48\x00\x48\x00\x90\x00\x90\x00\x90\x00\x90\x01\x20\x01\x20\x01\x20\x01\x20\x01\x20\x01\x20\x02\x40\x02\x40\x00\x40\x00\x40\x00\x80\x00\x80\x01\x00\x02\x00",
    b"\x00\x60\x00\x90\x00\x90\x01\x20\x01\x20\x02\x40\x02\x40\x02\x40\x02\x40\x02\x40\x02\x40\x02\x40\x01\x20\x01\x20\x01\x20\x02\x40\x02\x40\x00\x40\x00\x40\x00\x80\x00\x80\x01\x00\x02\x00",
    b"\x01\x80\x02\x40\x04\x40\x04\x80\x04\x80\x04\x80\x04\x80\x04\x80\x02\x40\x02\x40\x02\x40\x02\x40\x01\x20\x01\x20\x01\x20\x02\x40\x02\x40\x00\x40\x00\x40\x00\x80\x00\x80\x01\x00\x02\x00",
    b"\x00\x00\x18\x00\x24\x00\x22\x00\x11\x00\x09\x00\x04\x80\x04\x80\x02\x40\x02\x40\x02\x40\x02\x40\x01\x20\x01\x20\x01\x20\x02\x40\x02\x40\x00\x40\x00\x40\x00\x80\x00\x80\x01\x00\x02\x00",
];

const TAIL_NEUTRAL2_FILL_FRAMES: &[&[u8]] = &[
    b"\x00\x00\x00\x00\x70\x00\xf8\x00\x7c\x00\x1e\x00\x0f\x00\x0f\x00\x07\x80\x07\x80\x03\xc0\x03\xc0\x03\xc0\x03\xc0\x03\xc0\x03\xc0\x03\xc0\x03\xc0\x03\xc0\x03\x80\x03\x80\x03\x00\x02\x00",
    b"\x00\x00\x00\x00\x38\x00\x7c\x00\x3e\x00\x0f\x00\x07\x80\x07\x80\x03\xc0\x03\xc0\x01\xe0\x01\xe0\x01\xe0\x01\xe0\x01\xe0\x03\xc0\x03\xc0\x03\xc0\x03\xc0\x03\x80\x03\x80\x03\x00\x02\x00",
    b"\x00\x00\x00\x00\x0e\x00\x1f\x00\x0f\x80\x03\xc0\x01\xe0\x01\xe0\x00\xf0\x00\xf0\x00\xf0\x00\xf0\x01\xe0\x01\xe0\x01\xe0\x03\xc0\x03\xc0\x03\xc0\x03\xc0\x03\x80\x03\x80\x03\x00\x02\x00",
    b"\x00\x00\x03\x00\x07\x80\x03\xc0\x03\xe0\x01\xf0\x00\xf0\x00\xf0\x00\xf0\x00\xf0\x00\xf0\x00\xf0\x01\xe0\x01\xe0\x01\xe0\x03\xc0\x03\xc0\x03\xc0\x03\xc0\x03\x80\x03\x80\x03\x00\x02\x00",
    b"\x00\x60\x00\xf0\x00\xf0\x00\xf0\x00\xf0\x00\x78\x00\x78\x00\x78\x00\xf0\x00\xf0\x00\xf0\x00\xf0\x01\xe0\x01\xe0\x01\xe0\x03\xc0\x03\xc0\x03\xc0\x03\xc0\x03\x80\x03\x80\x03\x00\x02\x00",
    b"\x00\x30\x00\x78\x00\x78\x00\x78\x00\x78\x00\x78\x00\x78\x00\x78\x00\xf0\x00\xf0\x00\xf0\x00\xf0\x01\xe0\x01\xe0\x01\xe0\x03\xc0\x03\xc0\x03\xc0\x03\xc0\x03\x80\x03\x80\x03\x00\x02\x00",
    b"\x00\x30\x00\x78\x00\x78\x00\x78\x00\x78\x00\xf0\x00\xf0\x00\xf0\x00\xf0\x01\xe0\x01\xe0\x01\xe0\x01\xe0\x01\xe0\x01\xe0\x03\xc0\x03\xc0\x03\xc0\x03\xc0\x03\x80\x03\x80\x03\x00\x02\x00",
    b"\x00\x60\x00\xf0\x00\xf0\x01\xe0\x01\xe0\x03\xc0\x03\xc0\x03\xc0\x03\xc0\x03\xc0\x03\xc0\x03\xc0\x01\xe0\x01\xe0\x01\xe0\x03\xc0\x03\xc0\x03\xc0\x03\xc0\x03\x80\x03\x80\x03\x00\x02\x00",
    b"\x01\x80\x03\xc0\x07\xc0\x07\x80\x07\x80\x07\x80\x07\x80\x07\x80\x03\xc0\x03\xc0\x03\xc0\x03\xc0\x01\xe0\x01\xe0\x01\xe0\x03\xc0\x03\xc0\x03\xc0\x03\xc0\x03\x80\x03\x80\x03\x00\x02\x00",
    b"\x00\x00\x18\x00\x3c\x00\x3e\x00\x1f\x00\x0f\x00\x07\x80\x07\x80\x03\xc0\x03\xc0\x03\xc0\x03\xc0\x01\xe0\x01\xe0\x01\xe0\x03\xc0\x03\xc0\x03\xc0\x03\xc0\x03\x80\x03\x80\x03\x00\x02\x00",
];

pub static TAIL_NEUTRAL2: CharPart = CharPart {
    sprite: Sprite {
        width: 13,
        height: 23,
        frames: TAIL_NEUTRAL2_FRAMES,
        fill_frames: Some(TAIL_NEUTRAL2_FILL_FRAMES),
    },
    anchor_x: 7,
    anchor_y: 19,
    speed: 4.0,
    extra_frames: 0,
};

const TAIL_SHOCKED_FRAMES: &[&[u8]] = &[
    b"\x02\x00\x05\x00\x05\x00\x09\x00\x09\x00\x11\x00\x12\x00\x12\x00\x22\x00\x24\x00\x44\x00\x48\x00\x88\x00\x08\x00\x10\x00\x10\x00\x10\x00\x20\x00\x40\x00",
    b"\x02\x00\x05\x00\x05\x00\x09\x00\x09\x00\x11\x00\x12\x00\x12\x00\x22\x00\x24\x00\x44\x00\x88\x00\x88\x00\x08\x00\x08\x00\x10\x00\x10\x00\x20\x00\x40\x00",
    b"\x02\x00\x05\x00\x05\x00\x09\x00\x09\x00\x11\x00\x12\x00\x12\x00\x22\x00\x44\x00\x44\x00\x48\x00\x84\x00\x08\x00\x10\x00\x10\x00\x10\x00\x20\x00\x40\x00",
    b"\x02\x00\x05\x00\x05\x00\x09\x00\x09\x00\x11\x00\x12\x00\x22\x00\x22\x00\x24\x00\x42\x00\x44\x00\x88\x00\x08\x00\x10\x00\x10\x00\x10\x00\x20\x00\x40\x00",
    b"\x02\x00\x05\x00\x05\x00\x09\x00\x19\x00\x21\x00\x12\x00\x12\x00\x21\x00\x22\x00\x44\x00\x48\x00\x88\x00\x08\x00\x10\x00\x10\x00\x10\x00\x20\x00\x40\x00",
    b"\x02\x00\x05\x00\x0d\x00\x11\x00\x09\x00\x11\x00\x11\x00\x12\x00\x22\x00\x24\x00\x44\x00\x48\x00\x88\x00\x08\x00\x10\x00\x10\x00\x10\x00\x20\x00\x40\x00",
    b"\x06\x00\x09\x00\x05\x00\x09\x00\x08\x80\x11\x00\x12\x00\x12\x00\x22\x00\x24\x00\x44\x00\x48\x00\x88\x00\x08\x00\x10\x00\x10\x00\x10\x00\x20\x00\x40\x00",
    b"\x02\x00\x05\x00\x04\x80\x09\x00\x09\x00\x11\x00\x12\x00\x12\x00\x22\x00\x24\x00\x44\x00\x48\x00\x88\x00\x08\x00\x10\x00\x10\x00\x10\x00\x20\x00\x40\x00",
];

const TAIL_SHOCKED_FILL_FRAMES: &[&[u8]] = &[
    b"\x02\x00\x07\x00\x07\x00\x0f\x00\x0f\x00\x1f\x00\x1e\x00\x1e\x00\x3e\x00\x3c\x00\x7c\x00\x78\x00\xf8\x00\xf8\x00\xf0\x00\xf0\x00\xf0\x00\xe0\x00\xc0\x00",
    b"\x02\x00\x07\x00\x07\x00\x0f\x00\x0f\x00\x1f\x00\x1e\x00\x1e\x00\x3e\x00\x3c\x00\x7c\x00\xf8\x00\xf8\x00\xf8\x00\xf8\x00\xf0\x00\xf0\x00\xe0\x00\xc0\x00",
    b"\x02\x00\x07\x00\x07\x00\x0f\x00\x0f\x00\x1f\x00\x1e\x00\x1e\x00\x3e\x00\x7c\x00\x7c\x00\x78\x00\xfc\x00\xf8\x00\xf0\x00\xf0\x00\xf0\x00\xe0\x00\xc0\x00",
    b"\x02\x00\x07\x00\x07\x00\x0f\x00\x0f\x00\x1f\x00\x1e\x00\x3e\x00\x3e\x00\x3c\x00\x7e\x00\x7c\x00\xf8\x00\xf8\x00\xf0\x00\xf0\x00\xf0\x00\xe0\x00\xc0\x00",
    b"\x02\x00\x07\x00\x07\x00\x0f\x00\x1f\x00\x3f\x00\x1e\x00\x1e\x00\x3f\x00\x3e\x00\x7c\x00\x78\x00\xf8\x00\xf8\x00\xf0\x00\xf0\x00\xf0\x00\xe0\x00\xc0\x00",
    b"\x02\x00\x07\x00\x0f\x00\x1f\x00\x0f\x00\x1f\x00\x1f\x00\x1e\x00\x3e\x00\x3c\x00\x7c\x00\x78\x00\xf8\x00\xf8\x00\xf0\x00\xf0\x00\xf0\x00\xe0\x00\xc0\x00",
    b"\x06\x00\x0f\x00\x07\x00\x0f\x00\x0f\x80\x1f\x00\x1e\x00\x1e\x00\x3e\x00\x3c\x00\x7c\x00\x78\x00\xf8\x00\xf8\x00\xf0\x00\xf0\x00\xf0\x00\xe0\x00\xc0\x00",
    b"\x02\x00\x07\x00\x07\x80\x0f\x00\x0f\x00\x1f\x00\x1e\x00\x1e\x00\x3e\x00\x3c\x00\x7c\x00\x78\x00\xf8\x00\xf8\x00\xf0\x00\xf0\x00\xf0\x00\xe0\x00\xc0\x00",
];

pub static TAIL_SHOCKED: CharPart = CharPart {
    sprite: Sprite {
        width: 9,
        height: 19,
        frames: TAIL_SHOCKED_FRAMES,
        fill_frames: Some(TAIL_SHOCKED_FILL_FRAMES),
    },
    anchor_x: 1,
    anchor_y: 16,
    speed: 8.0,
    extra_frames: 20,
};

const TAIL_SICK_FRAMES: &[&[u8]] = &[
    b"\x80\x00\x40\x00\x30\x00\x0e\x00\xc1\xfe\x30\x01\x0f\xfe",
    b"\x80\x00\x40\x00\x30\x00\x0e\x1e\xc1\xe1\x30\x06\x0f\xf8",
    b"\x80\x00\x40\x00\x30\x00\x0e\x7e\xc1\x81\x30\x1e\x0f\xe0",
    b"\x80\x00\x40\x00\x30\x00\x0e\x78\xc1\x86\x30\x31\x0f\xce",
    b"\x80\x00\x40\x00\x30\x00\x0e\xf0\xc1\x0e\x30\x61\x0f\x9e",
    b"\x80\x00\x40\x00\x30\x00\x0f\x80\xc0\x7e\x38\x01\x07\xfe",
];

const TAIL_SICK_FILL_FRAMES: &[&[u8]] = &[
    b"\x80\x00\xc0\x00\xf0\x00\xfe\x00\xff\xfe\x3f\xff\x0f\xfe",
    b"\x80\x00\xc0\x00\xf0\x00\xfe\x1e\xff\xff\x3f\xfe\x0f\xf8",
    b"\x80\x00\xc0\x00\xf0\x00\xfe\x7e\xff\xff\x3f\xfe\x0f\xe0",
    b"\x80\x00\xc0\x00\xf0\x00\xfe\x78\xff\xfe\x3f\xff\x0f\xce",
    b"\x80\x00\xc0\x00\xf0\x00\xfe\xf0\xff\xfe\x3f\xff\x0f\x9e",
    b"\x80\x00\xc0\x00\xf0\x00\xff\x80\xff\xfe\x3f\xff\x07\xfe",
];

pub static TAIL_SICK: CharPart = CharPart {
    sprite: Sprite {
        width: 16,
        height: 7,
        frames: TAIL_SICK_FRAMES,
        fill_frames: Some(TAIL_SICK_FILL_FRAMES),
    },
    anchor_x: 0,
    anchor_y: 3,
    speed: 4.0,
    extra_frames: 16,
};

const TAIL_UP_NEUTRAL_FRAMES: &[&[u8]] = &[
    b"\x08\x00\x14\x00\x22\x00\x22\x00\x21\x00\x11\x00\x11\x00\x11\x00\x08\x80\x08\x80\x08\x80\x08\x80\x08\x40\x04\x40\x04\x40\x04\x40\x02\x40\x02\x20\x02\x20\x02\x20\x02\x20\x02\x20",
    b"\x10\x00\x28\x00\x44\x00\x44\x00\x42\x00\x22\x00\x22\x00\x22\x00\x11\x00\x11\x00\x10\x80\x08\x80\x08\x40\x04\x40\x04\x40\x04\x40\x04\x40\x02\x20\x02\x20\x02\x20\x02\x20\x02\x20",
    b"\x00\x00\x70\x00\x88\x00\x88\x00\x84\x00\x44\x00\x42\x00\x22\x00\x21\x00\x11\x00\x10\x80\x08\x80\x08\x40\x04\x40\x04\x40\x04\x40\x04\x40\x02\x20\x02\x20\x02\x20\x02\x20\x02\x20",
    b"\x00\x00\x38\x00\x44\x00\x44\x00\x42\x00\x22\x00\x22\x00\x22\x00\x11\x00\x11\x00\x10\x80\x08\x80\x08\x40\x04\x40\x04\x40\x04\x40\x04\x40\x02\x20\x02\x20\x02\x20\x02\x20\x02\x20",
    b"\x08\x00\x14\x00\x22\x00\x22\x00\x21\x00\x11\x00\x11\x00\x11\x00\x08\x80\x08\x80\x08\x80\x08\x80\x08\x40\x04\x40\x04\x40\x04\x40\x02\x40\x02\x20\x02\x20\x02\x20\x02\x20\x02\x20",
    b"\x04\x00\x0a\x00\x11\x00\x11\x00\x11\x00\x11\x00\x08\x80\x08\x80\x08\x80\x08\x80\x08\x40\x04\x40\x04\x40\x04\x40\x04\x40\x04\x40\x02\x40\x02\x20\x02\x20\x02\x20\x02\x20\x02\x20",
    b"\x02\x00\x05\x00\x08\x80\x08\x80\x08\x80\x08\x80\x08\x80\x08\x80\x08\x80\x08\x80\x08\x40\x04\x40\x04\x40\x04\x40\x04\x40\x04\x40\x02\x40\x02\x20\x02\x20\x02\x20\x02\x20\x02\x20",
    b"\x00\x80\x01\x40\x02\x20\x02\x20\x02\x20\x02\x20\x02\x20\x04\x40\x04\x40\x04\x40\x04\x40\x04\x40\x04\x40\x04\x40\x04\x40\x04\x20\x02\x20\x02\x20\x02\x20\x02\x20\x02\x20\x02\x20",
    b"\x00\x00\x00\xe0\x01\x10\x01\x10\x01\x10\x01\x10\x01\x10\x02\x20\x02\x20\x02\x20\x02\x20\x02\x20\x02\x20\x02\x20\x02\x20\x02\x20\x02\x20\x02\x20\x02\x20\x02\x20\x02\x20\x02\x20",
    b"\x00\x00\x00\x38\x00\x44\x00\x84\x00\x88\x01\x08\x01\x10\x01\x10\x02\x10\x02\x20\x02\x20\x02\x20\x04\x40\x04\x40\x04\x40\x04\x20\x02\x20\x02\x20\x02\x20\x02\x20\x02\x20\x02\x20",
    b"\x00\x00\x00\x38\x00\x44\x00\x44\x00\x88\x00\x88\x01\x10\x01\x10\x01\x10\x02\x20\x02\x20\x02\x20\x04\x40\x04\x40\x04\x40\x04\x20\x02\x20\x02\x20\x02\x20\x02\x20\x02\x20\x02\x20",
    b"\x00\x00\x00\xe0\x01\x10\x01\x10\x01\x10\x01\x10\x02\x10\x02\x20\x02\x20\x02\x20\x04\x40\x04\x40\x04\x40\x04\x40\x04\x40\x04\x20\x02\x20\x02\x20\x02\x20\x02\x20\x02\x20\x02\x20",
    b"\x00\x80\x01\x40\x02\x20\x02\x20\x02\x20\x02\x20\x04\x20\x04\x20\x04\x40\x04\x40\x04\x40\x04\x40\x04\x40\x04\x40\x04\x40\x02\x20\x02\x20\x02\x20\x02\x20\x02\x20\x02\x20\x02\x20",
    b"\x02\x00\x05\x00\x08\x80\x08\x80\x08\x80\x08\x80\x08\x80\x08\x80\x04\x40\x04\x40\x04\x40\x04\x40\x04\x40\x04\x40\x04\x40\x02\x20\x02\x20\x02\x20\x02\x20\x02\x20\x02\x20\x02\x20",
];

const TAIL_UP_NEUTRAL_FILL_FRAMES: &[&[u8]] = &[
    b"\x08\x00\x1c\x00\x3e\x00\x3e\x00\x3f\x00\x1f\x00\x1f\x00\x1f\x00\x0f\x80\x0f\x80\x0f\x80\x0f\x80\x0f\xc0\x07\xc0\x07\xc0\x07\xc0\x03\xc0\x03\xe0\x03\xe0\x03\xe0\x03\xe0\x03\xe0",
    b"\x10\x00\x38\x00\x7c\x00\x7c\x00\x7e\x00\x3e\x00\x3e\x00\x3e\x00\x1f\x00\x1f\x00\x1f\x80\x0f\x80\x0f\xc0\x07\xc0\x07\xc0\x07\xc0\x07\xc0\x03\xe0\x03\xe0\x03\xe0\x03\xe0\x03\xe0",
    b"\x00\x00\x70\x00\xf8\x00\xf8\x00\xfc\x00\x7c\x00\x7e\x00\x3e\x00\x3f\x00\x1f\x00\x1f\x80\x0f\x80\x0f\xc0\x07\xc0\x07\xc0\x07\xc0\x07\xc0\x03\xe0\x03\xe0\x03\xe0\x03\xe0\x03\xe0",
    b"\x00\x00\x38\x00\x7c\x00\x7c\x00\x7e\x00\x3e\x00\x3e\x00\x3e\x00\x1f\x00\x1f\x00\x1f\x80\x0f\x80\x0f\xc0\x07\xc0\x07\xc0\x07\xc0\x07\xc0\x03\xe0\x03\xe0\x03\xe0\x03\xe0\x03\xe0",
    b"\x08\x00\x1c\x00\x3e\x00\x3e\x00\x3f\x00\x1f\x00\x1f\x00\x1f\x00\x0f\x80\x0f\x80\x0f\x80\x0f\x80\x0f\xc0\x07\xc0\x07\xc0\x07\xc0\x03\xc0\x03\xe0\x03\xe0\x03\xe0\x03\xe0\x03\xe0",
    b"\x04\x00\x0e\x00\x1f\x00\x1f\x00\x1f\x00\x1f\x00\x0f\x80\x0f\x80\x0f\x80\x0f\x80\x0f\xc0\x07\xc0\x07\xc0\x07\xc0\x07\xc0\x07\xc0\x03\xc0\x03\xe0\x03\xe0\x03\xe0\x03\xe0\x03\xe0",
    b"\x02\x00\x07\x00\x0f\x80\x0f\x80\x0f\x80\x0f\x80\x0f\x80\x0f\x80\x0f\x80\x0f\x80\x0f\xc0\x07\xc0\x07\xc0\x07\xc0\x07\xc0\x07\xc0\x03\xc0\x03\xe0\x03\xe0\x03\xe0\x03\xe0\x03\xe0",
    b"\x00\x80\x01\xc0\x03\xe0\x03\xe0\x03\xe0\x03\xe0\x03\xe0\x07\xc0\x07\xc0\x07\xc0\x07\xc0\x07\xc0\x07\xc0\x07\xc0\x07\xc0\x07\xe0\x03\xe0\x03\xe0\x03\xe0\x03\xe0\x03\xe0\x03\xe0",
    b"\x00\x00\x00\xe0\x01\xf0\x01\xf0\x01\xf0\x01\xf0\x01\xf0\x03\xe0\x03\xe0\x03\xe0\x03\xe0\x03\xe0\x03\xe0\x03\xe0\x03\xe0\x03\xe0\x03\xe0\x03\xe0\x03\xe0\x03\xe0\x03\xe0\x03\xe0",
    b"\x00\x00\x00\x38\x00\x7c\x00\xfc\x00\xf8\x01\xf8\x01\xf0\x01\xf0\x03\xf0\x03\xe0\x03\xe0\x03\xe0\x07\xc0\x07\xc0\x07\xc0\x07\xe0\x03\xe0\x03\xe0\x03\xe0\x03\xe0\x03\xe0\x03\xe0",
    b"\x00\x00\x00\x38\x00\x7c\x00\x7c\x00\xf8\x00\xf8\x01\xf0\x01\xf0\x01\xf0\x03\xe0\x03\xe0\x03\xe0\x07\xc0\x07\xc0\x07\xc0\x07\xe0\x03\xe0\x03\xe0\x03\xe0\x03\xe0\x03\xe0\x03\xe0",
    b"\x00\x00\x00\xe0\x01\xf0\x01\xf0\x01\xf0\x01\xf0\x03\xf0\x03\xe0\x03\xe0\x03\xe0\x07\xc0\x07\xc0\x07\xc0\x07\xc0\x07\xc0\x07\xe0\x03\xe0\x03\xe0\x03\xe0\x03\xe0\x03\xe0\x03\xe0",
    b"\x00\x80\x01\xc0\x03\xe0\x03\xe0\x03\xe0\x03\xe0\x07\xe0\x07\xe0\x07\xc0\x07\xc0\x07\xc0\x07\xc0\x07\xc0\x07\xc0\x07\xc0\x03\xe0\x03\xe0\x03\xe0\x03\xe0\x03\xe0\x03\xe0\x03\xe0",
    b"\x02\x00\x07\x00\x0f\x80\x0f\x80\x0f\x80\x0f\x80\x0f\x80\x0f\x80\x07\xc0\x07\xc0\x07\xc0\x07\xc0\x07\xc0\x07\xc0\x07\xc0\x03\xe0\x03\xe0\x03\xe0\x03\xe0\x03\xe0\x03\xe0\x03\xe0",
];

pub static TAIL_UP_NEUTRAL: CharPart = CharPart {
    sprite: Sprite {
        width: 14,
        height: 22,
        frames: TAIL_UP_NEUTRAL_FRAMES,
        fill_frames: Some(TAIL_UP_NEUTRAL_FILL_FRAMES),
    },
    anchor_x: 9,
    anchor_y: 22,
    speed: 8.0,
    extra_frames: 0,
};

const TAIL_UP_NEUTRAL2_FRAMES: &[&[u8]] = &[
    b"\x00\x00\x00\x00\x00\x00\x00\x00\x00\x00\x01\xc0\x00\x00\x0e\x20\x00\x01\xf0\x10\x00\x0e\x00\x20\x07\xf0\x00\xc0\x18\x00\x0f\x00\x20\x00\xf0\x00\x40\x1f\x00\x00\x81\xe0\x00\x00\x82\x00\x00\x00\x84\x00\x00\x00\x00\x00\x00\x00",
    b"\x00\x00\x00\x00\x00\x00\x01\xc0\x00\x00\x0e\x20\x00\x00\x70\x10\x00\x01\x80\x20\x00\x1e\x00\xc0\x07\xe0\x0f\x00\x18\x00\x30\x00\x20\x00\xc0\x00\x40\x1f\x00\x00\x81\xe0\x00\x00\x82\x00\x00\x00\x84\x00\x00\x00\x00\x00\x00\x00",
    b"\x00\x00\x01\xc0\x00\x00\x06\x20\x00\x00\x18\x20\x00\x00\x60\x20\x00\x01\x80\xc0\x00\x1e\x03\x00\x07\xe0\x0c\x00\x18\x00\x30\x00\x20\x00\xc0\x00\x40\x1f\x00\x00\x81\xe0\x00\x00\x82\x00\x00\x00\x84\x00\x00\x00\x00\x00\x00\x00",
    b"\x00\x00\x00\x00\x00\x00\x01\xc0\x00\x00\x0e\x20\x00\x00\x70\x20\x00\x01\x80\x20\x00\x1e\x00\xc0\x07\xe0\x0f\x00\x18\x00\x30\x00\x20\x00\xc0\x00\x40\x1f\x00\x00\x81\xe0\x00\x00\x82\x00\x00\x00\x84\x00\x00\x00\x00\x00\x00\x00",
    b"\x00\x00\x00\x00\x00\x00\x00\x00\x00\x00\x01\xc0\x00\x00\x0e\x20\x00\x01\xf0\x10\x00\x0e\x00\x20\x07\xf0\x00\xc0\x18\x00\x0f\x00\x20\x00\xf0\x00\x40\x1f\x00\x00\x81\xe0\x00\x00\x82\x00\x00\x00\x84\x00\x00\x00\x00\x00\x00\x00",
    b"\x00\x00\x00\x00\x00\x00\x00\x00\x00\x00\x00\x00\x00\x00\x03\xc0\x00\x00\x7c\x20\x00\x0f\x80\x10\x07\xf0\x00\x20\x18\x00\x03\xc0\x20\x00\x3c\x00\x40\x1f\xc0\x00\x81\xe0\x00\x00\x82\x00\x00\x00\x84\x00\x00\x00\x00\x00\x00\x00",
    b"\x00\x00\x00\x00\x00\x00\x00\x00\x00\x00\x00\x00\x00\x00\x00\x00\x00\x00\x7f\xc0\x00\x0f\x80\x20\x07\xf0\x00\x10\x18\x00\x00\x20\x20\x00\x3f\xc0\x40\x1f\xc0\x00\x81\xe0\x00\x00\x82\x00\x00\x00\x84\x00\x00\x00\x00\x00\x00\x00",
    b"\x00\x00\x00\x00\x00\x00\x00\x00\x00\x00\x00\x00\x00\x00\x00\x00\x00\x00\x00\x00\x00\x0f\xf8\x00\x07\xf0\x07\xc0\x18\x00\x00\x20\x20\x00\x00\x10\x40\x07\xf8\x20\x81\xf8\x07\xc0\x82\x00\x00\x00\x84\x00\x00\x00\x00\x00\x00\x00",
    b"\x00\x00\x00\x00\x00\x00\x00\x00\x00\x00\x00\x00\x00\x00\x00\x00\x00\x00\x00\x00\x00\x00\x00\x00\x07\xff\xf8\x00\x18\x00\x07\xc0\x20\x00\x00\x20\x40\x00\x00\x20\x81\xff\xf8\x20\x82\x00\x07\xc0\x84\x00\x00\x00\x00\x00\x00\x00",
    b"\x00\x00\x00\x00\x00\x00\x00\x00\x00\x00\x00\x00\x00\x00\x00\x00\x00\x00\x00\x00\x00\x0f\x00\x00\x07\xf0\xf0\x00\x18\x00\x0e\x00\x20\x00\x01\x80\x40\x07\x00\x40\x81\xf8\xe0\x20\x82\x00\x1c\x20\x84\x00\x03\x20\x00\x00\x00\xc0",
    b"\x00\x00\x00\x00\x00\x00\x00\x00\x00\x00\x00\x00\x00\x00\x00\x00\x00\x00\x00\x00\x00\x0f\x00\x00\x07\xf0\xe0\x00\x18\x00\x1c\x00\x20\x00\x03\x00\x40\x07\x00\xc0\x81\xf8\xe0\x20\x82\x00\x1c\x20\x84\x00\x03\x20\x00\x00\x00\xc0",
    b"\x00\x00\x00\x00\x00\x00\x00\x00\x00\x00\x00\x00\x00\x00\x00\x00\x00\x00\x00\x00\x00\x0f\xc0\x00\x07\xf0\x3c\x00\x18\x00\x03\xc0\x20\x00\x00\x20\x40\x07\xc0\x20\x81\xf8\x38\x20\x82\x00\x07\xc0\x84\x00\x00\x00\x00\x00\x00\x00",
    b"\x00\x00\x00\x00\x00\x00\x00\x00\x00\x00\x00\x00\x00\x00\x00\x00\x00\x00\x00\x00\x00\x07\xfc\x00\x07\xf8\x03\xc0\x18\x00\x00\x20\x20\x00\x00\x10\x40\x07\xf0\x20\x81\xf8\x0f\xc0\x82\x00\x00\x00\x84\x00\x00\x00\x00\x00\x00\x00",
    b"\x00\x00\x00\x00\x00\x00\x00\x00\x00\x00\x00\x00\x00\x00\x00\x00\x00\x00\x0f\xc0\x00\x07\xf0\x20\x07\xf8\x00\x10\x18\x00\x00\x20\x20\x00\x0f\xc0\x40\x07\xf0\x00\x81\xf8\x00\x00\x82\x00\x00\x00\x84\x00\x00\x00\x00\x00\x00\x00",
];

const TAIL_UP_NEUTRAL2_FILL_FRAMES: &[&[u8]] = &[
    b"\x00\x00\x00\x00\x00\x00\x00\x00\x00\x00\x01\xc0\x00\x00\x0f\xe0\x00\x01\xff\xf0\x00\x0f\xff\xe0\x07\xff\xff\xc0\x1f\xff\xff\x00\x3f\xff\xf0\x00\x7f\xff\x00\x00\xff\xe0\x00\x00\xfe\x00\x00\x00\xfc\x00\x00\x00\x00\x00\x00\x00",
    b"\x00\x00\x00\x00\x00\x00\x01\xc0\x00\x00\x0f\xe0\x00\x00\x7f\xf0\x00\x01\xff\xe0\x00\x1f\xff\xc0\x07\xff\xff\x00\x1f\xff\xf0\x00\x3f\xff\xc0\x00\x7f\xff\x00\x00\xff\xe0\x00\x00\xfe\x00\x00\x00\xfc\x00\x00\x00\x00\x00\x00\x00",
    b"\x00\x00\x01\xc0\x00\x00\x07\xe0\x00\x00\x1f\xe0\x00\x00\x7f\xe0\x00\x01\xff\xc0\x00\x1f\xff\x00\x07\xff\xfc\x00\x1f\xff\xf0\x00\x3f\xff\xc0\x00\x7f\xff\x00\x00\xff\xe0\x00\x00\xfe\x00\x00\x00\xfc\x00\x00\x00\x00\x00\x00\x00",
    b"\x00\x00\x00\x00\x00\x00\x01\xc0\x00\x00\x0f\xe0\x00\x00\x7f\xe0\x00\x01\xff\xe0\x00\x1f\xff\xc0\x07\xff\xff\x00\x1f\xff\xf0\x00\x3f\xff\xc0\x00\x7f\xff\x00\x00\xff\xe0\x00\x00\xfe\x00\x00\x00\xfc\x00\x00\x00\x00\x00\x00\x00",
    b"\x00\x00\x00\x00\x00\x00\x00\x00\x00\x00\x01\xc0\x00\x00\x0f\xe0\x00\x01\xff\xf0\x00\x0f\xff\xe0\x07\xff\xff\xc0\x1f\xff\xff\x00\x3f\xff\xf0\x00\x7f\xff\x00\x00\xff\xe0\x00\x00\xfe\x00\x00\x00\xfc\x00\x00\x00\x00\x00\x00\x00",
    b"\x00\x00\x00\x00\x00\x00\x00\x00\x00\x00\x00\x00\x00\x00\x03\xc0\x00\x00\x7f\xe0\x00\x0f\xff\xf0\x07\xff\xff\xe0\x1f\xff\xff\xc0\x3f\xff\xfc\x00\x7f\xff\xc0\x00\xff\xe0\x00\x00\xfe\x00\x00\x00\xfc\x00\x00\x00\x00\x00\x00\x00",
    b"\x00\x00\x00\x00\x00\x00\x00\x00\x00\x00\x00\x00\x00\x00\x00\x00\x00\x00\x7f\xc0\x00\x0f\xff\xe0\x07\xff\xff\xf0\x1f\xff\xff\xe0\x3f\xff\xff\xc0\x7f\xff\xc0\x00\xff\xe0\x00\x00\xfe\x00\x00\x00\xfc\x00\x00\x00\x00\x00\x00\x00",
    b"\x00\x00\x00\x00\x00\x00\x00\x00\x00\x00\x00\x00\x00\x00\x00\x00\x00\x00\x00\x00\x00\x0f\xf8\x00\x07\xff\xff\xc0\x1f\xff\xff\xe0\x3f\xff\xff\xf0\x7f\xff\xff\xe0\xff\xf8\x07\xc0\xfe\x00\x00\x00\xfc\x00\x00\x00\x00\x00\x00\x00",
    b"\x00\x00\x00\x00\x00\x00\x00\x00\x00\x00\x00\x00\x00\x00\x00\x00\x00\x00\x00\x00\x00\x00\x00\x00\x07\xff\xf8\x00\x1f\xff\xff\xc0\x3f\xff\xff\xe0\x7f\xff\xff\xe0\xff\xff\xff\xe0\xfe\x00\x07\xc0\xfc\x00\x00\x00\x00\x00\x00\x00",
    b"\x00\x00\x00\x00\x00\x00\x00\x00\x00\x00\x00\x00\x00\x00\x00\x00\x00\x00\x00\x00\x00\x0f\x00\x00\x07\xff\xf0\x00\x1f\xff\xfe\x00\x3f\xff\xff\x80\x7f\xff\xff\xc0\xff\xf8\xff\xe0\xfe\x00\x1f\xe0\xfc\x00\x03\xe0\x00\x00\x00\xc0",
    b"\x00\x00\x00\x00\x00\x00\x00\x00\x00\x00\x00\x00\x00\x00\x00\x00\x00\x00\x00\x00\x00\x0f\x00\x00\x07\xff\xe0\x00\x1f\xff\xfc\x00\x3f\xff\xff\x00\x7f\xff\xff\xc0\xff\xf8\xff\xe0\xfe\x00\x1f\xe0\xfc\x00\x03\xe0\x00\x00\x00\xc0",
    b"\x00\x00\x00\x00\x00\x00\x00\x00\x00\x00\x00\x00\x00\x00\x00\x00\x00\x00\x00\x00\x00\x0f\xc0\x00\x07\xff\xfc\x00\x1f\xff\xff\xc0\x3f\xff\xff\xe0\x7f\xff\xff\xe0\xff\xf8\x3f\xe0\xfe\x00\x07\xc0\xfc\x00\x00\x00\x00\x00\x00\x00",
    b"\x00\x00\x00\x00\x00\x00\x00\x00\x00\x00\x00\x00\x00\x00\x00\x00\x00\x00\x00\x00\x00\x07\xfc\x00\x07\xff\xff\xc0\x1f\xff\xff\xe0\x3f\xff\xff\xf0\x7f\xff\xff\xe0\xff\xf8\x0f\xc0\xfe\x00\x00\x00\xfc\x00\x00\x00\x00\x00\x00\x00",
    b"\x00\x00\x00\x00\x00\x00\x00\x00\x00\x00\x00\x00\x00\x00\x00\x00\x00\x00\x0f\xc0\x00\x07\xff\xe0\x07\xff\xff\xf0\x1f\xff\xff\xe0\x3f\xff\xff\xc0\x7f\xff\xf0\x00\xff\xf8\x00\x00\xfe\x00\x00\x00\xfc\x00\x00\x00\x00\x00\x00\x00",
];

pub static TAIL_UP_NEUTRAL2: CharPart = CharPart {
    sprite: Sprite {
        width: 28,
        height: 14,
        frames: TAIL_UP_NEUTRAL2_FRAMES,
        fill_frames: Some(TAIL_UP_NEUTRAL2_FILL_FRAMES),
    },
    anchor_x: 4,
    anchor_y: 13,
    speed: 8.0,
    extra_frames: 0,
};

pub static POSE_SITTING_SIDE_NEUTRAL: Pose = Pose {
    body: &BODY_SIDE_SITTING,
    head: &HEAD_SIDE_NEUTRAL,
    tail: &TAIL_NEUTRAL,
    eyes: Some(&EYES_SIDE_NEUTRAL),
    head_first: false,
    tail_last: false,
    head_offset: None,
};

pub static POSE_SITTING_SIDE_ANGRY: Pose = Pose {
    body: &BODY_SIDE_SITTING,
    head: &HEAD_SIDE_AIRPLANE,
    tail: &TAIL_ANNOYED,
    eyes: Some(&EYES_SIDE_ANGRY),
    head_first: false,
    tail_last: false,
    head_offset: None,
};

pub static POSE_SITTING_SIDE_HAPPY: Pose = Pose {
    body: &BODY_SIDE_SITTING,
    head: &HEAD_SIDE_NEUTRAL,
    tail: &TAIL_NEUTRAL,
    eyes: Some(&EYES_SIDE_HAPPY),
    head_first: false,
    tail_last: false,
    head_offset: None,
};

pub static POSE_SITTING_SIDE_ALOOF: Pose = Pose {
    body: &BODY_SIDE_SITTING,
    head: &HEAD_SIDE_NEUTRAL,
    tail: &TAIL_NEUTRAL,
    eyes: Some(&EYES_SIDE_ALOOF),
    head_first: false,
    tail_last: false,
    head_offset: None,
};

pub static POSE_SITTING_SIDE_ANNOYED: Pose = Pose {
    body: &BODY_SIDE_SITTING,
    head: &HEAD_SIDE_AIRPLANE,
    tail: &TAIL_ANNOYED,
    eyes: Some(&EYES_SIDE_ANNOYED),
    head_first: false,
    tail_last: false,
    head_offset: None,
};

pub static POSE_SITTING_SIDE_LOOKING_DOWN: Pose = Pose {
    body: &BODY_SIDE_SITTING,
    head: &HEAD_SIDE_NEUTRAL2,
    tail: &TAIL_NEUTRAL2,
    eyes: Some(&EYES_SIDE_DOWN),
    head_first: false,
    tail_last: false,
    head_offset: None,
};

pub static POSE_SITTING_FORWARD_NEUTRAL: Pose = Pose {
    body: &BODY_FRONT_SITTING,
    head: &HEAD_FRONT_NEUTRAL,
    tail: &TAIL_NEUTRAL,
    eyes: Some(&EYES_FRONT_NEUTRAL2),
    head_first: false,
    tail_last: false,
    head_offset: None,
};

pub static POSE_SITTING_FORWARD_SLEEPY: Pose = Pose {
    body: &BODY_FRONT_SITTING,
    head: &HEAD_FRONT_NEUTRAL,
    tail: &TAIL_NEUTRAL,
    eyes: Some(&EYES_FRONT_NEUTRAL),
    head_first: false,
    tail_last: false,
    head_offset: None,
};

pub static POSE_SITTING_FORWARD_SHOCKED: Pose = Pose {
    body: &BODY_FRONT_SITTING,
    head: &HEAD_FRONT_SHOCKED,
    tail: &TAIL_SHOCKED,
    eyes: Some(&EYES_FRONT_SHOCKED),
    head_first: false,
    tail_last: false,
    head_offset: None,
};

pub static POSE_SITTING_FORWARD_HAPPY: Pose = Pose {
    body: &BODY_FRONT_SITTING,
    head: &HEAD_FRONT_NEUTRAL,
    tail: &TAIL_NEUTRAL,
    eyes: Some(&EYES_FRONT_HAPPY),
    head_first: false,
    tail_last: false,
    head_offset: None,
};

pub static POSE_SITTING_FORWARD_ALOOF: Pose = Pose {
    body: &BODY_FRONT_SITTING,
    head: &HEAD_FRONT_NEUTRAL,
    tail: &TAIL_NEUTRAL,
    eyes: Some(&EYES_FRONT_ALOOF),
    head_first: false,
    tail_last: false,
    head_offset: None,
};

pub static POSE_SITTING_FORWARD_CONTENT: Pose = Pose {
    body: &BODY_FRONT_SITTING,
    head: &HEAD_FRONT_NEUTRAL,
    tail: &TAIL_NEUTRAL,
    eyes: Some(&EYES_FRONT_NEUTRAL),
    head_first: false,
    tail_last: false,
    head_offset: None,
};

pub static POSE_SITTING_SILLY_SIDE_NEUTRAL: Pose = Pose {
    body: &BODY_SIDE_SITTING2,
    head: &HEAD_SIDE_NEUTRAL2,
    tail: &TAIL_NEUTRAL2,
    eyes: Some(&EYES_SIDE_NEUTRAL),
    head_first: false,
    tail_last: false,
    head_offset: None,
};

pub static POSE_SITTING_SILLY_SIDE_ALOOF: Pose = Pose {
    body: &BODY_SIDE_SITTING2,
    head: &HEAD_SIDE_NEUTRAL2,
    tail: &TAIL_NEUTRAL2,
    eyes: Some(&EYES_SIDE_ALOOF),
    head_first: false,
    tail_last: false,
    head_offset: None,
};

pub static POSE_SITTING_SILLY_SIDE_HAPPY: Pose = Pose {
    body: &BODY_SIDE_SITTING2,
    head: &HEAD_SIDE_NEUTRAL2,
    tail: &TAIL_NEUTRAL2,
    eyes: Some(&EYES_SIDE_HAPPY),
    head_first: false,
    tail_last: false,
    head_offset: None,
};

pub static POSE_SITTING_SILLY_SIDE_ANGRY: Pose = Pose {
    body: &BODY_SIDE_SITTING2,
    head: &HEAD_SIDE_AIRPLANE,
    tail: &TAIL_ANNOYED,
    eyes: Some(&EYES_SIDE_ANGRY),
    head_first: false,
    tail_last: false,
    head_offset: None,
};

pub static POSE_SITTING_SILLY_SIDE_ANNOYED: Pose = Pose {
    body: &BODY_SIDE_SITTING2,
    head: &HEAD_SIDE_AIRPLANE,
    tail: &TAIL_ANNOYED,
    eyes: Some(&EYES_SIDE_ANNOYED),
    head_first: false,
    tail_last: false,
    head_offset: None,
};

pub static POSE_SITTING_LICKING_SIDE_LICKING_LEG: Pose = Pose {
    body: &BODY_SIDE_SITTING_LEGOUT,
    head: &HEAD_SIDE_NEUTRAL2,
    tail: &TAIL_NEUTRAL,
    eyes: Some(&EYES_LICKING),
    head_first: true,
    tail_last: false,
    head_offset: None,
};

pub static POSE_BEGGING_SIDE_ARM_UP: Pose = Pose {
    body: &BODY_SIDE_BEGGING,
    head: &HEAD_SIDE_NEUTRAL,
    tail: &TAIL_NEUTRAL,
    eyes: Some(&EYES_SIDE_HAPPY),
    head_first: false,
    tail_last: false,
    head_offset: None,
};

pub static POSE_BEGGING_SIDE_ARM_UP2: Pose = Pose {
    body: &BODY_SIDE_BEGGING,
    head: &HEAD_SIDE_NEUTRAL2,
    tail: &TAIL_NEUTRAL,
    eyes: Some(&EYES_SIDE_DOWN),
    head_first: false,
    tail_last: false,
    head_offset: None,
};

pub static POSE_BEGGING_SIDE_DEMANDING: Pose = Pose {
    body: &BODY_SIDE_BEGGING,
    head: &HEAD_SIDE_NEUTRAL2,
    tail: &TAIL_ANNOYED,
    eyes: Some(&EYES_SIDE_ANGRY),
    head_first: false,
    tail_last: false,
    head_offset: None,
};

pub static POSE_LAYING_SIDE_NEUTRAL: Pose = Pose {
    body: &BODY_SIDE_LAYING,
    head: &HEAD_SIDE_NEUTRAL,
    tail: &TAIL_NEUTRAL2,
    eyes: Some(&EYES_SIDE_NEUTRAL),
    head_first: false,
    tail_last: false,
    head_offset: None,
};

pub static POSE_LAYING_SIDE_NEUTRAL2: Pose = Pose {
    body: &BODY_SIDE_LAYING,
    head: &HEAD_SIDE_NEUTRAL2,
    tail: &TAIL_NEUTRAL2,
    eyes: Some(&EYES_SIDE_NEUTRAL),
    head_first: false,
    tail_last: false,
    head_offset: None,
};

pub static POSE_LAYING_SIDE_ANNOYED: Pose = Pose {
    body: &BODY_SIDE_LAYING,
    head: &HEAD_SIDE_AIRPLANE,
    tail: &TAIL_ANNOYED,
    eyes: Some(&EYES_SIDE_ANNOYED),
    head_first: true,
    tail_last: false,
    head_offset: None,
};

pub static POSE_LAYING_SIDE_HAPPY: Pose = Pose {
    body: &BODY_SIDE_LAYING,
    head: &HEAD_SIDE_NEUTRAL,
    tail: &TAIL_NEUTRAL2,
    eyes: Some(&EYES_SIDE_HAPPY),
    head_first: false,
    tail_last: false,
    head_offset: None,
};

pub static POSE_LAYING_SIDE_ALOOF: Pose = Pose {
    body: &BODY_SIDE_LAYING,
    head: &HEAD_SIDE_NEUTRAL,
    tail: &TAIL_NEUTRAL2,
    eyes: Some(&EYES_SIDE_ALOOF),
    head_first: false,
    tail_last: false,
    head_offset: None,
};

pub static POSE_LAYING_SIDE_ANGRY: Pose = Pose {
    body: &BODY_SIDE_LAYING,
    head: &HEAD_SIDE_AIRPLANE,
    tail: &TAIL_ANNOYED,
    eyes: Some(&EYES_SIDE_ANGRY),
    head_first: true,
    tail_last: false,
    head_offset: None,
};

pub static POSE_LAYING_SIDE_BORED: Pose = Pose {
    body: &BODY_SIDE_LAYING,
    head: &HEAD_SIDE_SLEEP1,
    tail: &TAIL_NEUTRAL,
    eyes: Some(&EYES_FRONT_NEUTRAL),
    head_first: false,
    tail_last: false,
    head_offset: None,
};

pub static POSE_LAYING_SIDE_CONTENT: Pose = Pose {
    body: &BODY_SIDE_LAYING,
    head: &HEAD_SIDE_SLEEP3,
    tail: &TAIL_NEUTRAL,
    eyes: Some(&EYES_FRONT_NEUTRAL),
    head_first: false,
    tail_last: false,
    head_offset: None,
};

pub static POSE_LAYING_SIDE_BLISS: Pose = Pose {
    body: &BODY_SIDE_LAYING,
    head: &HEAD_SIDE_SLEEP1,
    tail: &TAIL_NEUTRAL,
    eyes: Some(&EYES_FRONT_HAPPY),
    head_first: false,
    tail_last: false,
    head_offset: None,
};

pub static POSE_LAYING_SIDE_SULKING: Pose = Pose {
    body: &BODY_SIDE_LAYING2,
    head: &HEAD_SIDE_AIRPLANE2,
    tail: &TAIL_NEUTRAL,
    eyes: Some(&EYES_SIDE_NEUTRAL),
    head_first: false,
    tail_last: false,
    head_offset: Some((-9, 8)),
};

pub static POSE_LAYING_SIDE_SULKING2: Pose = Pose {
    body: &BODY_SIDE_LAYING2,
    head: &HEAD_SIDE_AIRPLANE2,
    tail: &TAIL_ANNOYED,
    eyes: Some(&EYES_SIDE_ANGRY),
    head_first: false,
    tail_last: false,
    head_offset: Some((-10, 8)),
};

pub static POSE_LAYING_SIDE_SICK: Pose = Pose {
    body: &BODY_SIDE_FLOP,
    head: &HEAD_LAYING_SIDE_FLOP,
    tail: &TAIL_SICK,
    eyes: None,
    head_first: false,
    tail_last: false,
    head_offset: None,
};

pub static POSE_SLEEPING_SIDE_SPLOOT: Pose = Pose {
    body: &BODY_SIDE_LAYING,
    head: &HEAD_SIDE_SLEEP1,
    tail: &TAIL_NEUTRAL,
    eyes: Some(&EYES_SHUT),
    head_first: false,
    tail_last: false,
    head_offset: None,
};

pub static POSE_SLEEPING_SIDE_MODEST: Pose = Pose {
    body: &BODY_SIDE_LAYING,
    head: &HEAD_SIDE_SLEEP2,
    tail: &TAIL_NEUTRAL,
    eyes: Some(&EYES_SHUT),
    head_first: false,
    tail_last: false,
    head_offset: None,
};

pub static POSE_SLEEPING_SIDE_CROSSED: Pose = Pose {
    body: &BODY_SIDE_LAYING,
    head: &HEAD_SIDE_SLEEP3,
    tail: &TAIL_NEUTRAL,
    eyes: Some(&EYES_SHUT),
    head_first: false,
    tail_last: false,
    head_offset: None,
};

pub static POSE_STANDING_SIDE_NEUTRAL: Pose = Pose {
    body: &BODY_SIDE_STANDING,
    head: &HEAD_SIDE_NEUTRAL,
    tail: &TAIL_NEUTRAL,
    eyes: Some(&EYES_SIDE_NEUTRAL),
    head_first: false,
    tail_last: false,
    head_offset: None,
};

pub static POSE_STANDING_SIDE_ANNOYED: Pose = Pose {
    body: &BODY_SIDE_STANDING,
    head: &HEAD_SIDE_AIRPLANE2,
    tail: &TAIL_ANNOYED,
    eyes: Some(&EYES_SIDE_ANNOYED),
    head_first: false,
    tail_last: false,
    head_offset: None,
};

pub static POSE_STANDING_SIDE_SNIFFING: Pose = Pose {
    body: &BODY_SIDE_STANDING,
    head: &HEAD_SIDE_AIRPLANE2,
    tail: &TAIL_NEUTRAL,
    eyes: Some(&EYES_SIDE_DOWN),
    head_first: false,
    tail_last: false,
    head_offset: None,
};

pub static POSE_STANDING_SIDE_HAPPY: Pose = Pose {
    body: &BODY_SIDE_STANDING,
    head: &HEAD_SIDE_NEUTRAL,
    tail: &TAIL_NEUTRAL,
    eyes: Some(&EYES_SIDE_HAPPY),
    head_first: false,
    tail_last: false,
    head_offset: None,
};

pub static POSE_STANDING_SIDE_ALOOF: Pose = Pose {
    body: &BODY_SIDE_STANDING,
    head: &HEAD_SIDE_NEUTRAL,
    tail: &TAIL_NEUTRAL,
    eyes: Some(&EYES_SIDE_ALOOF),
    head_first: false,
    tail_last: false,
    head_offset: None,
};

pub static POSE_STANDING_SIDE_ANGRY: Pose = Pose {
    body: &BODY_SIDE_STANDING,
    head: &HEAD_SIDE_AIRPLANE2,
    tail: &TAIL_ANNOYED,
    eyes: Some(&EYES_SIDE_ANGRY),
    head_first: false,
    tail_last: false,
    head_offset: None,
};

pub static POSE_STANDING_SIDE_NEUTRAL_LOOKING_DOWN: Pose = Pose {
    body: &BODY_SIDE_STANDING,
    head: &HEAD_SIDE_NEUTRAL,
    tail: &TAIL_NEUTRAL,
    eyes: Some(&EYES_SIDE_DOWN),
    head_first: false,
    tail_last: false,
    head_offset: None,
};

pub static POSE_STANDING_SIDE_CRAZY: Pose = Pose {
    body: &BODY_SIDE_STANDING,
    head: &HEAD_SIDE_NEUTRAL,
    tail: &TAIL_NEUTRAL,
    eyes: Some(&EYES_SIDE_HUGE),
    head_first: false,
    tail_last: false,
    head_offset: None,
};

pub static POSE_LEANING_FORWARD_SIDE_NEUTRAL: Pose = Pose {
    body: &BODY_SIDE_LEANING,
    head: &HEAD_SIDE_NEUTRAL,
    tail: &TAIL_UP_NEUTRAL2,
    eyes: Some(&EYES_SIDE_DOWN),
    head_first: true,
    tail_last: false,
    head_offset: None,
};

pub static POSE_LEANING_FORWARD_SIDE_STRETCH: Pose = Pose {
    body: &BODY_SIDE_LEANING,
    head: &HEAD_SIDE_NEUTRAL,
    tail: &TAIL_UP_NEUTRAL,
    eyes: Some(&EYES_SIDE_HAPPY),
    head_first: true,
    tail_last: false,
    head_offset: None,
};

pub static POSE_LEANING_FORWARD_SIDE_EATING: Pose = Pose {
    body: &BODY_SIDE_LEANING,
    head: &HEAD_SIDE_NOM,
    tail: &TAIL_UP_NEUTRAL,
    eyes: Some(&EYES_SIDE_HAPPY),
    head_first: true,
    tail_last: false,
    head_offset: None,
};

pub static POSE_LEANING_FORWARD_SIDE_POUNCE: Pose = Pose {
    body: &BODY_SIDE_LEANING,
    head: &HEAD_SIDE_AIRPLANE2,
    tail: &TAIL_UP_NEUTRAL,
    eyes: Some(&EYES_SIDE_ANGRY),
    head_first: true,
    tail_last: false,
    head_offset: None,
};

pub static POSE_LEANING_FORWARD_SIDE_CRAZY: Pose = Pose {
    body: &BODY_SIDE_LEANING,
    head: &HEAD_SIDE_AIRPLANE2,
    tail: &TAIL_UP_NEUTRAL,
    eyes: Some(&EYES_SIDE_HUGE),
    head_first: true,
    tail_last: false,
    head_offset: None,
};

pub static POSE_KNEADING_SIDE_NEUTRAL: Pose = Pose {
    body: &BODY_SIDE_KNEADING,
    head: &HEAD_SIDE_NEUTRAL,
    tail: &TAIL_UP_NEUTRAL2,
    eyes: Some(&EYES_SIDE_DOWN),
    head_first: true,
    tail_last: false,
    head_offset: None,
};

pub static POSE_KNEADING_SIDE_HAPPY: Pose = Pose {
    body: &BODY_SIDE_KNEADING,
    head: &HEAD_SIDE_NEUTRAL,
    tail: &TAIL_UP_NEUTRAL,
    eyes: Some(&EYES_SIDE_HAPPY),
    head_first: true,
    tail_last: false,
    head_offset: None,
};

pub static POSE_KNEADING_SIDE_ANGRY: Pose = Pose {
    body: &BODY_SIDE_KNEADING,
    head: &HEAD_SIDE_AIRPLANE2,
    tail: &TAIL_UP_NEUTRAL2,
    eyes: Some(&EYES_SIDE_ANGRY),
    head_first: true,
    tail_last: false,
    head_offset: None,
};

pub static POSE_WALKING_SIDE_NEUTRAL: Pose = Pose {
    body: &BODY_SIDE_WALKING,
    head: &HEAD_SIDE_NEUTRAL,
    tail: &TAIL_NEUTRAL,
    eyes: Some(&EYES_SIDE_NEUTRAL),
    head_first: false,
    tail_last: false,
    head_offset: None,
};

pub static POSE_WALKING_SIDE_DETERMINED: Pose = Pose {
    body: &BODY_SIDE_WALKING,
    head: &HEAD_SIDE_NEUTRAL2,
    tail: &TAIL_ANNOYED,
    eyes: Some(&EYES_SIDE_ANNOYED),
    head_first: true,
    tail_last: false,
    head_offset: None,
};

pub static POSE_RUNNING_SIDE_NEUTRAL: Pose = Pose {
    body: &BODY_SIDE_RUNNING,
    head: &HEAD_SIDE_NEUTRAL2,
    tail: &TAIL_ANNOYED,
    eyes: Some(&EYES_SIDE_ANNOYED),
    head_first: true,
    tail_last: false,
    head_offset: None,
};

pub static POSE_RUNNING_SIDE_ANGRY: Pose = Pose {
    body: &BODY_SIDE_RUNNING,
    head: &HEAD_SIDE_NEUTRAL2,
    tail: &TAIL_ANNOYED,
    eyes: Some(&EYES_SIDE_ANGRY),
    head_first: true,
    tail_last: false,
    head_offset: None,
};

pub static POSE_RUNNING_SIDE_CRAZY: Pose = Pose {
    body: &BODY_SIDE_RUNNING,
    head: &HEAD_SIDE_NEUTRAL2,
    tail: &TAIL_ANNOYED,
    eyes: Some(&EYES_SIDE_HUGE),
    head_first: false,
    tail_last: false,
    head_offset: None,
};

pub static POSE_YELLING_FORWARD_LIFT_AND_YELL: Pose = Pose {
    body: &BODY_FRONT_SITTING,
    head: &HEAD_FRONT_SQUAT,
    tail: &TAIL_ANNOYED,
    eyes: Some(&EYES_FRONT_YELL),
    head_first: false,
    tail_last: false,
    head_offset: None,
};

pub static POSE_PLAYFUL_FORWARD_WOWED: Pose = Pose {
    body: &BODY_FRONT_SQUAT,
    head: &HEAD_FRONT_SQUAT,
    tail: &TAIL_NEUTRAL2,
    eyes: Some(&EYES_FRONT_LOOKAROUND),
    head_first: false,
    tail_last: false,
    head_offset: None,
};

pub static POSE_COSTUME_SITTING_SIDE_WITCH: Pose = Pose {
    body: &BODY_SIDE_WITCH,
    head: &HEAD_SIDE_WITCH,
    tail: &TAIL_NEUTRAL2,
    eyes: Some(&EYES_SIDE_NEUTRAL),
    head_first: false,
    tail_last: false,
    head_offset: None,
};

pub static POSE_COSTUME_SITTING_SIDE_WITCH_ANNOYED: Pose = Pose {
    body: &BODY_SIDE_WITCH,
    head: &HEAD_SIDE_WITCH,
    tail: &TAIL_ANNOYED,
    eyes: Some(&EYES_SIDE_ANNOYED),
    head_first: false,
    tail_last: false,
    head_offset: None,
};

pub static POSE_COSTUME_SITTING_SIDE_WITCH_HAPPY: Pose = Pose {
    body: &BODY_SIDE_WITCH,
    head: &HEAD_SIDE_WITCH,
    tail: &TAIL_NEUTRAL,
    eyes: Some(&EYES_SIDE_HAPPY),
    head_first: false,
    tail_last: false,
    head_offset: None,
};

pub static POSE_SITTING_BACK_BACK_NEUTRAL: Pose = Pose {
    body: &BODY_BACK_SITTING,
    head: &HEAD_BACK_NEUTRAL,
    tail: &TAIL_NEUTRAL,
    eyes: None,
    head_first: true,
    tail_last: true,
    head_offset: None,
};

pub static POSE_SITTING_BACK_SIDE_NEUTRAL: Pose = Pose {
    body: &BODY_BACKSIDE_SITTING,
    head: &HEAD_BACKSIDE_NEUTRAL,
    tail: &TAIL_NEUTRAL,
    eyes: None,
    head_first: true,
    tail_last: true,
    head_offset: None,
};

#[derive(Clone, Copy, PartialEq, Eq, Debug)]
pub enum PoseId {
    SittingSideNeutral,
    SittingSideAngry,
    SittingSideHappy,
    SittingSideAloof,
    SittingSideAnnoyed,
    SittingSideLookingDown,
    SittingForwardNeutral,
    SittingForwardSleepy,
    SittingForwardShocked,
    SittingForwardHappy,
    SittingForwardAloof,
    SittingForwardContent,
    SittingSillySideNeutral,
    SittingSillySideAloof,
    SittingSillySideHappy,
    SittingSillySideAngry,
    SittingSillySideAnnoyed,
    SittingLickingSideLickingLeg,
    BeggingSideArmUp,
    BeggingSideArmUp2,
    BeggingSideDemanding,
    LayingSideNeutral,
    LayingSideNeutral2,
    LayingSideAnnoyed,
    LayingSideHappy,
    LayingSideAloof,
    LayingSideAngry,
    LayingSideBored,
    LayingSideContent,
    LayingSideBliss,
    LayingSideSulking,
    LayingSideSulking2,
    LayingSideSick,
    SleepingSideSploot,
    SleepingSideModest,
    SleepingSideCrossed,
    StandingSideNeutral,
    StandingSideAnnoyed,
    StandingSideSniffing,
    StandingSideHappy,
    StandingSideAloof,
    StandingSideAngry,
    StandingSideNeutralLookingDown,
    StandingSideCrazy,
    LeaningForwardSideNeutral,
    LeaningForwardSideStretch,
    LeaningForwardSideEating,
    LeaningForwardSidePounce,
    LeaningForwardSideCrazy,
    KneadingSideNeutral,
    KneadingSideHappy,
    KneadingSideAngry,
    WalkingSideNeutral,
    WalkingSideDetermined,
    RunningSideNeutral,
    RunningSideAngry,
    RunningSideCrazy,
    YellingForwardLiftAndYell,
    PlayfulForwardWowed,
    CostumeSittingSideWitch,
    CostumeSittingSideWitchAnnoyed,
    CostumeSittingSideWitchHappy,
    SittingBackBackNeutral,
    SittingBackSideNeutral,
}

impl PoseId {
    pub fn data(self) -> &'static Pose {
        match self {
            PoseId::SittingSideNeutral => &POSE_SITTING_SIDE_NEUTRAL,
            PoseId::SittingSideAngry => &POSE_SITTING_SIDE_ANGRY,
            PoseId::SittingSideHappy => &POSE_SITTING_SIDE_HAPPY,
            PoseId::SittingSideAloof => &POSE_SITTING_SIDE_ALOOF,
            PoseId::SittingSideAnnoyed => &POSE_SITTING_SIDE_ANNOYED,
            PoseId::SittingSideLookingDown => &POSE_SITTING_SIDE_LOOKING_DOWN,
            PoseId::SittingForwardNeutral => &POSE_SITTING_FORWARD_NEUTRAL,
            PoseId::SittingForwardSleepy => &POSE_SITTING_FORWARD_SLEEPY,
            PoseId::SittingForwardShocked => &POSE_SITTING_FORWARD_SHOCKED,
            PoseId::SittingForwardHappy => &POSE_SITTING_FORWARD_HAPPY,
            PoseId::SittingForwardAloof => &POSE_SITTING_FORWARD_ALOOF,
            PoseId::SittingForwardContent => &POSE_SITTING_FORWARD_CONTENT,
            PoseId::SittingSillySideNeutral => &POSE_SITTING_SILLY_SIDE_NEUTRAL,
            PoseId::SittingSillySideAloof => &POSE_SITTING_SILLY_SIDE_ALOOF,
            PoseId::SittingSillySideHappy => &POSE_SITTING_SILLY_SIDE_HAPPY,
            PoseId::SittingSillySideAngry => &POSE_SITTING_SILLY_SIDE_ANGRY,
            PoseId::SittingSillySideAnnoyed => &POSE_SITTING_SILLY_SIDE_ANNOYED,
            PoseId::SittingLickingSideLickingLeg => &POSE_SITTING_LICKING_SIDE_LICKING_LEG,
            PoseId::BeggingSideArmUp => &POSE_BEGGING_SIDE_ARM_UP,
            PoseId::BeggingSideArmUp2 => &POSE_BEGGING_SIDE_ARM_UP2,
            PoseId::BeggingSideDemanding => &POSE_BEGGING_SIDE_DEMANDING,
            PoseId::LayingSideNeutral => &POSE_LAYING_SIDE_NEUTRAL,
            PoseId::LayingSideNeutral2 => &POSE_LAYING_SIDE_NEUTRAL2,
            PoseId::LayingSideAnnoyed => &POSE_LAYING_SIDE_ANNOYED,
            PoseId::LayingSideHappy => &POSE_LAYING_SIDE_HAPPY,
            PoseId::LayingSideAloof => &POSE_LAYING_SIDE_ALOOF,
            PoseId::LayingSideAngry => &POSE_LAYING_SIDE_ANGRY,
            PoseId::LayingSideBored => &POSE_LAYING_SIDE_BORED,
            PoseId::LayingSideContent => &POSE_LAYING_SIDE_CONTENT,
            PoseId::LayingSideBliss => &POSE_LAYING_SIDE_BLISS,
            PoseId::LayingSideSulking => &POSE_LAYING_SIDE_SULKING,
            PoseId::LayingSideSulking2 => &POSE_LAYING_SIDE_SULKING2,
            PoseId::LayingSideSick => &POSE_LAYING_SIDE_SICK,
            PoseId::SleepingSideSploot => &POSE_SLEEPING_SIDE_SPLOOT,
            PoseId::SleepingSideModest => &POSE_SLEEPING_SIDE_MODEST,
            PoseId::SleepingSideCrossed => &POSE_SLEEPING_SIDE_CROSSED,
            PoseId::StandingSideNeutral => &POSE_STANDING_SIDE_NEUTRAL,
            PoseId::StandingSideAnnoyed => &POSE_STANDING_SIDE_ANNOYED,
            PoseId::StandingSideSniffing => &POSE_STANDING_SIDE_SNIFFING,
            PoseId::StandingSideHappy => &POSE_STANDING_SIDE_HAPPY,
            PoseId::StandingSideAloof => &POSE_STANDING_SIDE_ALOOF,
            PoseId::StandingSideAngry => &POSE_STANDING_SIDE_ANGRY,
            PoseId::StandingSideNeutralLookingDown => &POSE_STANDING_SIDE_NEUTRAL_LOOKING_DOWN,
            PoseId::StandingSideCrazy => &POSE_STANDING_SIDE_CRAZY,
            PoseId::LeaningForwardSideNeutral => &POSE_LEANING_FORWARD_SIDE_NEUTRAL,
            PoseId::LeaningForwardSideStretch => &POSE_LEANING_FORWARD_SIDE_STRETCH,
            PoseId::LeaningForwardSideEating => &POSE_LEANING_FORWARD_SIDE_EATING,
            PoseId::LeaningForwardSidePounce => &POSE_LEANING_FORWARD_SIDE_POUNCE,
            PoseId::LeaningForwardSideCrazy => &POSE_LEANING_FORWARD_SIDE_CRAZY,
            PoseId::KneadingSideNeutral => &POSE_KNEADING_SIDE_NEUTRAL,
            PoseId::KneadingSideHappy => &POSE_KNEADING_SIDE_HAPPY,
            PoseId::KneadingSideAngry => &POSE_KNEADING_SIDE_ANGRY,
            PoseId::WalkingSideNeutral => &POSE_WALKING_SIDE_NEUTRAL,
            PoseId::WalkingSideDetermined => &POSE_WALKING_SIDE_DETERMINED,
            PoseId::RunningSideNeutral => &POSE_RUNNING_SIDE_NEUTRAL,
            PoseId::RunningSideAngry => &POSE_RUNNING_SIDE_ANGRY,
            PoseId::RunningSideCrazy => &POSE_RUNNING_SIDE_CRAZY,
            PoseId::YellingForwardLiftAndYell => &POSE_YELLING_FORWARD_LIFT_AND_YELL,
            PoseId::PlayfulForwardWowed => &POSE_PLAYFUL_FORWARD_WOWED,
            PoseId::CostumeSittingSideWitch => &POSE_COSTUME_SITTING_SIDE_WITCH,
            PoseId::CostumeSittingSideWitchAnnoyed => &POSE_COSTUME_SITTING_SIDE_WITCH_ANNOYED,
            PoseId::CostumeSittingSideWitchHappy => &POSE_COSTUME_SITTING_SIDE_WITCH_HAPPY,
            PoseId::SittingBackBackNeutral => &POSE_SITTING_BACK_BACK_NEUTRAL,
            PoseId::SittingBackSideNeutral => &POSE_SITTING_BACK_SIDE_NEUTRAL,
        }
    }

    pub fn name(self) -> &'static str {
        match self {
            PoseId::SittingSideNeutral => "sitting.side.neutral",
            PoseId::SittingSideAngry => "sitting.side.angry",
            PoseId::SittingSideHappy => "sitting.side.happy",
            PoseId::SittingSideAloof => "sitting.side.aloof",
            PoseId::SittingSideAnnoyed => "sitting.side.annoyed",
            PoseId::SittingSideLookingDown => "sitting.side.looking_down",
            PoseId::SittingForwardNeutral => "sitting.forward.neutral",
            PoseId::SittingForwardSleepy => "sitting.forward.sleepy",
            PoseId::SittingForwardShocked => "sitting.forward.shocked",
            PoseId::SittingForwardHappy => "sitting.forward.happy",
            PoseId::SittingForwardAloof => "sitting.forward.aloof",
            PoseId::SittingForwardContent => "sitting.forward.content",
            PoseId::SittingSillySideNeutral => "sitting_silly.side.neutral",
            PoseId::SittingSillySideAloof => "sitting_silly.side.aloof",
            PoseId::SittingSillySideHappy => "sitting_silly.side.happy",
            PoseId::SittingSillySideAngry => "sitting_silly.side.angry",
            PoseId::SittingSillySideAnnoyed => "sitting_silly.side.annoyed",
            PoseId::SittingLickingSideLickingLeg => "sitting_licking.side.licking_leg",
            PoseId::BeggingSideArmUp => "begging.side.arm_up",
            PoseId::BeggingSideArmUp2 => "begging.side.arm_up2",
            PoseId::BeggingSideDemanding => "begging.side.demanding",
            PoseId::LayingSideNeutral => "laying.side.neutral",
            PoseId::LayingSideNeutral2 => "laying.side.neutral2",
            PoseId::LayingSideAnnoyed => "laying.side.annoyed",
            PoseId::LayingSideHappy => "laying.side.happy",
            PoseId::LayingSideAloof => "laying.side.aloof",
            PoseId::LayingSideAngry => "laying.side.angry",
            PoseId::LayingSideBored => "laying.side.bored",
            PoseId::LayingSideContent => "laying.side.content",
            PoseId::LayingSideBliss => "laying.side.bliss",
            PoseId::LayingSideSulking => "laying.side.sulking",
            PoseId::LayingSideSulking2 => "laying.side.sulking2",
            PoseId::LayingSideSick => "laying.side.sick",
            PoseId::SleepingSideSploot => "sleeping.side.sploot",
            PoseId::SleepingSideModest => "sleeping.side.modest",
            PoseId::SleepingSideCrossed => "sleeping.side.crossed",
            PoseId::StandingSideNeutral => "standing.side.neutral",
            PoseId::StandingSideAnnoyed => "standing.side.annoyed",
            PoseId::StandingSideSniffing => "standing.side.sniffing",
            PoseId::StandingSideHappy => "standing.side.happy",
            PoseId::StandingSideAloof => "standing.side.aloof",
            PoseId::StandingSideAngry => "standing.side.angry",
            PoseId::StandingSideNeutralLookingDown => "standing.side.neutral_looking_down",
            PoseId::StandingSideCrazy => "standing.side.crazy",
            PoseId::LeaningForwardSideNeutral => "leaning_forward.side.neutral",
            PoseId::LeaningForwardSideStretch => "leaning_forward.side.stretch",
            PoseId::LeaningForwardSideEating => "leaning_forward.side.eating",
            PoseId::LeaningForwardSidePounce => "leaning_forward.side.pounce",
            PoseId::LeaningForwardSideCrazy => "leaning_forward.side.crazy",
            PoseId::KneadingSideNeutral => "kneading.side.neutral",
            PoseId::KneadingSideHappy => "kneading.side.happy",
            PoseId::KneadingSideAngry => "kneading.side.angry",
            PoseId::WalkingSideNeutral => "walking.side.neutral",
            PoseId::WalkingSideDetermined => "walking.side.determined",
            PoseId::RunningSideNeutral => "running.side.neutral",
            PoseId::RunningSideAngry => "running.side.angry",
            PoseId::RunningSideCrazy => "running.side.crazy",
            PoseId::YellingForwardLiftAndYell => "yelling.forward.lift_and_yell",
            PoseId::PlayfulForwardWowed => "playful.forward.wowed",
            PoseId::CostumeSittingSideWitch => "costume_sitting.side.witch",
            PoseId::CostumeSittingSideWitchAnnoyed => "costume_sitting.side.witch_annoyed",
            PoseId::CostumeSittingSideWitchHappy => "costume_sitting.side.witch_happy",
            PoseId::SittingBackBackNeutral => "sitting_back.back.neutral",
            PoseId::SittingBackSideNeutral => "sitting_back.side.neutral",
        }
    }
}

pub const ALL_POSES: &[PoseId] = &[
    PoseId::SittingSideNeutral,
    PoseId::SittingSideAngry,
    PoseId::SittingSideHappy,
    PoseId::SittingSideAloof,
    PoseId::SittingSideAnnoyed,
    PoseId::SittingSideLookingDown,
    PoseId::SittingForwardNeutral,
    PoseId::SittingForwardSleepy,
    PoseId::SittingForwardShocked,
    PoseId::SittingForwardHappy,
    PoseId::SittingForwardAloof,
    PoseId::SittingForwardContent,
    PoseId::SittingSillySideNeutral,
    PoseId::SittingSillySideAloof,
    PoseId::SittingSillySideHappy,
    PoseId::SittingSillySideAngry,
    PoseId::SittingSillySideAnnoyed,
    PoseId::SittingLickingSideLickingLeg,
    PoseId::BeggingSideArmUp,
    PoseId::BeggingSideArmUp2,
    PoseId::BeggingSideDemanding,
    PoseId::LayingSideNeutral,
    PoseId::LayingSideNeutral2,
    PoseId::LayingSideAnnoyed,
    PoseId::LayingSideHappy,
    PoseId::LayingSideAloof,
    PoseId::LayingSideAngry,
    PoseId::LayingSideBored,
    PoseId::LayingSideContent,
    PoseId::LayingSideBliss,
    PoseId::LayingSideSulking,
    PoseId::LayingSideSulking2,
    PoseId::LayingSideSick,
    PoseId::SleepingSideSploot,
    PoseId::SleepingSideModest,
    PoseId::SleepingSideCrossed,
    PoseId::StandingSideNeutral,
    PoseId::StandingSideAnnoyed,
    PoseId::StandingSideSniffing,
    PoseId::StandingSideHappy,
    PoseId::StandingSideAloof,
    PoseId::StandingSideAngry,
    PoseId::StandingSideNeutralLookingDown,
    PoseId::StandingSideCrazy,
    PoseId::LeaningForwardSideNeutral,
    PoseId::LeaningForwardSideStretch,
    PoseId::LeaningForwardSideEating,
    PoseId::LeaningForwardSidePounce,
    PoseId::LeaningForwardSideCrazy,
    PoseId::KneadingSideNeutral,
    PoseId::KneadingSideHappy,
    PoseId::KneadingSideAngry,
    PoseId::WalkingSideNeutral,
    PoseId::WalkingSideDetermined,
    PoseId::RunningSideNeutral,
    PoseId::RunningSideAngry,
    PoseId::RunningSideCrazy,
    PoseId::YellingForwardLiftAndYell,
    PoseId::PlayfulForwardWowed,
    PoseId::CostumeSittingSideWitch,
    PoseId::CostumeSittingSideWitchAnnoyed,
    PoseId::CostumeSittingSideWitchHappy,
    PoseId::SittingBackBackNeutral,
    PoseId::SittingBackSideNeutral,
];
